[INFO   ] DREAMPlace - parameters = {'aux_input': '/var/folders/h1/4z3hks0d2zbd_y_lng5ww0680000gn/T/eda-cypress/16492-0/bookshelf/board.aux', 'lef_input': '', 'def_input': '', 'verilog_input': '', 'gpu': 0, 'gpu_id': 0, 'num_bins_x': 64, 'num_bins_y': 64, 'global_place_stages': [{'Llambda_density_weight_iteration': 10, 'Lsub_iteration': 2, 'iteration': 3000, 'learning_rate': 0.0038, 'learning_rate_decay': 0.993, 'num_bins_x': 64, 'num_bins_y': 64, 'optimizer': 'nesterov', 'wirelength': 'weighted_average'}], 'target_density': 0.5, 'density_weight': 0.0237, 'net_crossing_flag': 1, 'net_crossing_weight': 0.0, 'random_seed': 0, 'result_dir': '/var/folders/h1/4z3hks0d2zbd_y_lng5ww0680000gn/T/eda-cypress/16492-0/results', 'scale_factor': 1.0, 'ignore_net_weight': 10, 'shift_factor': [0.0, 0.0], 'ignore_net_degree': 100, 'gp_noise_ratio': 0.025, 'enable_fillers': 1, 'global_place_flag': 1, 'legalize_flag': 1, 'detailed_place_flag': 0, 'stop_overflow': 0.3, 'dtype': 'float32', 'detailed_place_engine': '', 'detailed_place_command': '-nolegal -nodetail', 'plot_flag': 0, 'RePlAce_ref_hpwl': 350000, 'RePlAce_LOWER_PCOF': 0.95, 'RePlAce_UPPER_PCOF': 1.05, 'gamma': 0.44, 'RePlAce_skip_energy_flag': 0, 'random_center_init_flag': 1, 'init_loc_perc_x': 0.5, 'init_loc_perc_y': 0.5, 'sort_nets_by_degree': 0, 'num_threads': 1, 'dump_global_place_solution_flag': 0, 'dump_legalize_solution_flag': 0, 'routability_opt_flag': 0, 'route_num_bins_x': 512, 'route_num_bins_y': 512, 'node_area_adjust_overflow': 0.15, 'max_num_area_adjust': 3, 'adjust_nctugr_area_flag': 0, 'adjust_rudy_area_flag': 1, 'adjust_pin_area_flag': 1, 'area_adjust_stop_ratio': 0.01, 'route_area_adjust_stop_ratio': 0.01, 'pin_area_adjust_stop_ratio': 0.05, 'unit_horizontal_capacity': 1.5625, 'unit_vertical_capacity': 1.45, 'unit_pin_capacity': 0.058, 'max_route_opt_adjust_rate': 2.0, 'route_opt_adjust_exponent': 2.0, 'pin_stretch_ratio': 1.414213562, 'max_pin_opt_adjust_rate': 1.5, 'deterministic_flag': 1, 'get_congestion_map': 0, 'macro_halo_x': 1, 'macro_halo_y': 1, 'macro_overlap_flag': 1, 'macro_overlap_weight': 8e-06, 'macro_overlap_mult_weight': 1, 'macro_padding_x': 0, 'macro_padding_y': 0, 'bndry_padding_x': 0, 'bndry_padding_y': 0, 'pin_density': -1, 'route_info_input': '', 'evaluate_pl': 0, 'risa_weights': 0, 'proj_name': 'default', 'create_gif': 0, 'enable_rotation': 1}
[INFO   ] DREAMPlace - 
========================================================
                       DREAMPlace
            Yibo Lin (http://yibolin.com)
   David Z. Pan (http://users.ece.utexas.edu/~dpan)
========================================================

[INFO   ] DREAMPlace - setting up raw database takes 0.01 seconds
[INFO   ] DREAMPlace - set shift_factor = (0, 0), as original row bbox = (0, 0, 600, 400)
[INFO   ] DREAMPlace - set scale_factor = 1, as site_width = 1
[INFO   ] DREAMPlace - shift coordinate system by (0, 0), scale coordinate system by 1
[INFO   ] DREAMPlace - detect movable macros 17, area 32370, reduce those area from movable_area
[INFO   ] DREAMPlace - 
================================= Benchmark Statistics =================================
#nodes = 17, #terminals = 0, # terminal_NIs = 0, #movable = 17, #nets = 21
die area = (0, 0, 600, 400) 240000
row height = 1, site width = 1
num_bins = 64x64, bin sizes = 9.375x6.25
#pins = 64, #movable_pins = 64
total_movable_node_area = 32370, total_fixed_node_area = 0, total_space_area = 240000
total_movable_node_area = 0, total_fixed_node_area = 32370, total_space_area = 207630
utilization = 0, target_density = 0.5
use top_placeable_area = 240000 to compute top fillers
use btm_placeable_area = 240000 to compute btm fillers
total_filler_node_area = 240000, #fillers = 5394, filler sizes = 44.5x1
========================================================================================
[INFO   ] DREAMPlace - setting up placement database takes 0.04 seconds
[INFO   ] DREAMPlace - move cells to location (300.0, 200.0) with random noise
[INFO   ] DREAMPlace - Using Torch CPU device
[INFO   ] DREAMPlace - POWVFILE = /Users/juanantonioluera/ws/Cypress/install/thirdparty/NCTUgr.ICCAD2012/POWV9.dat
[INFO   ] DREAMPlace - POSTFILE = /Users/juanantonioluera/ws/Cypress/install/thirdparty/NCTUgr.ICCAD2012/POST9.dat
[INFO   ] DREAMPlace - non-linear placement initialization takes 0.03 seconds
[INFO   ] DREAMPlace - 64x64 bins #bins 64x64, bin sizes 9.375x6.25, max_num_bins = 46, padding = 0
[INFO   ] dreamplace.ops.electric_potential.electric_potential - regard 17 cells as movable macros in global placement
[INFO   ] DREAMPlace - 64x64 bins #bins 64x64, bin sizes 9.375x6.25, max_num_bins = 46, padding = 0
[INFO   ] dreamplace.ops.electric_potential.electric_potential - regard 17 cells as movable macros in global placement
[INFO   ] DREAMPlace - 64x64 bins #bins 64x64, bin sizes 9.375x6.25, max_num_bins = 46, padding = 0
[INFO   ] dreamplace.ops.electric_potential.electric_potential - regard 0 cells as movable macros in global placement
[WARNING] DREAMPlace - quadratic density penalty is disabled, density weight update is forced to be based on HPWL
[INFO   ] DREAMPlace - use nesterov optimizer
[INFO   ] DREAMPlace - add 2.5% noise
[INFO   ] dreamplace.ops.electric_potential.electric_potential - fixed density map: average 0, max 0, bin area 58.5938
[INFO   ] DREAMPlace - nesterov initialization takes 0.183144 seconds
[INFO   ] dreamplace.ops.electric_potential.electric_potential - fixed density map: average 0, max 0, bin area 58.5938
[INFO   ] DREAMPlace - density_weight = 1.307825E-05
[INFO   ] DREAMPlace - macro_overlap_weight = 8.000000E-06
[INFO   ] DREAMPlace - optimizer step 15.839 ms
[INFO   ] DREAMPlace - iteration    0, (   0,  0,  0), Obj 3.727481E+03, NetCrossing 9.459E+01, NetCrossingWeight 0.000000E+00, DensityWeight 0.000000E+00, HPWL 1.376930E+04, Overflow 2.788573E-01, MaxDensity 8.500E+00, MacroOverlap 2.547E+02, MacroOverlapWeight 0.000000E+00, gamma 6.875000E+01, time 3.839ms
[INFO   ] DREAMPlace - full step 29.696 ms
[INFO   ] DREAMPlace - optimizer step 4.277 ms
[INFO   ] DREAMPlace - iteration    1, (   0,  0,  1), Obj 2.519888E+03, NetCrossing 9.521E+01, NetCrossingWeight 0.000000E+00, DensityWeight 1.307825E-05, HPWL 1.098572E+04, Overflow 2.810360E-01, MaxDensity 8.500E+00, MacroOverlap 2.475E+02, MacroOverlapWeight 8.000000E-06, gamma 6.875000E+01, time 1.094ms
[INFO   ] DREAMPlace - full step 5.952 ms
[INFO   ] DREAMPlace - optimizer step 4.772 ms
[INFO   ] DREAMPlace - iteration    2, (   0,  1,  0), Obj 7.316914E+02, NetCrossing 9.566E+01, NetCrossingWeight 0.000000E+00, DensityWeight 1.307825E-05, HPWL 4.479797E+03, Overflow 2.791379E-01, MaxDensity 6.667E+00, MacroOverlap 1.290E+02, MacroOverlapWeight 8.000000E-06, gamma 6.875000E+01, time 1.188ms
[INFO   ] DREAMPlace - full step 6.572 ms
[INFO   ] DREAMPlace - optimizer step 4.196 ms
[INFO   ] DREAMPlace - iteration    3, (   0,  1,  1), Obj 5.440627E+02, NetCrossing 9.447E+01, NetCrossingWeight 0.000000E+00, DensityWeight 1.307825E-05, HPWL 2.332302E+03, Overflow 2.800241E-01, MaxDensity 7.776E+00, MacroOverlap 1.553E+02, MacroOverlapWeight 8.000000E-06, gamma 6.875000E+01, time 1.074ms
[INFO   ] DREAMPlace - full step 5.838 ms
[INFO   ] DREAMPlace - optimizer step 5.080 ms
[INFO   ] DREAMPlace - iteration    4, (   0,  2,  0), Obj 5.255835E+02, NetCrossing 9.397E+01, NetCrossingWeight 0.000000E+00, DensityWeight 1.372941E-05, HPWL 1.809594E+03, Overflow 2.798335E-01, MaxDensity 8.037E+00, MacroOverlap 1.518E+02, MacroOverlapWeight 8.000000E-06, gamma 6.875000E+01, time 1.185ms
[INFO   ] DREAMPlace - full step 6.895 ms
[INFO   ] DREAMPlace - optimizer step 9.967 ms
[INFO   ] DREAMPlace - iteration    5, (   0,  2,  1), Obj 5.154464E+02, NetCrossing 9.388E+01, NetCrossingWeight 0.000000E+00, DensityWeight 1.372941E-05, HPWL 1.658794E+03, Overflow 2.801777E-01, MaxDensity 8.163E+00, MacroOverlap 1.534E+02, MacroOverlapWeight 8.000000E-06, gamma 6.875000E+01, time 1.155ms
[INFO   ] DREAMPlace - full step 11.725 ms
[INFO   ] DREAMPlace - optimizer step 8.431 ms
[INFO   ] DREAMPlace - iteration    6, (   0,  3,  0), Obj 5.043271E+02, NetCrossing 9.415E+01, NetCrossingWeight 0.000000E+00, DensityWeight 1.441156E-05, HPWL 1.876279E+03, Overflow 2.802461E-01, MaxDensity 8.137E+00, MacroOverlap 1.468E+02, MacroOverlapWeight 8.000000E-06, gamma 6.875000E+01, time 1.192ms
[INFO   ] DREAMPlace - full step 10.307 ms
[INFO   ] DREAMPlace - optimizer step 7.965 ms
[INFO   ] DREAMPlace - iteration    7, (   0,  3,  1), Obj 4.931949E+02, NetCrossing 9.452E+01, NetCrossingWeight 0.000000E+00, DensityWeight 1.441156E-05, HPWL 1.802364E+03, Overflow 2.806661E-01, MaxDensity 8.008E+00, MacroOverlap 1.510E+02, MacroOverlapWeight 8.000000E-06, gamma 6.875000E+01, time 1.063ms
[INFO   ] DREAMPlace - full step 9.642 ms
[INFO   ] DREAMPlace - Llambda stopping criteria: 3 and (( 0.280666 < 0.1 and 1802.36 > 1658.79 ) or 8.0075 < 1.0)
[INFO   ] DREAMPlace - optimizer step 13.167 ms
[INFO   ] DREAMPlace - iteration    8, (   1,  0,  0), Obj 4.803783E+02, NetCrossing 9.499E+01, NetCrossingWeight 0.000000E+00, DensityWeight 1.513184E-05, HPWL 1.857332E+03, Overflow 2.793648E-01, MaxDensity 7.901E+00, MacroOverlap 1.398E+02, MacroOverlapWeight 8.000000E-06, gamma 1.732818E+00, time 1.101ms
[INFO   ] DREAMPlace - full step 14.872 ms
[INFO   ] DREAMPlace - optimizer step 4.008 ms
[INFO   ] DREAMPlace - iteration    9, (   1,  0,  1), Obj 1.680757E+03, NetCrossing 9.526E+01, NetCrossingWeight 0.000000E+00, DensityWeight 1.513184E-05, HPWL 1.959589E+03, Overflow 2.787734E-01, MaxDensity 7.799E+00, MacroOverlap 1.364E+02, MacroOverlapWeight 8.000000E-06, gamma 1.732818E+00, time 1.039ms
[INFO   ] DREAMPlace - full step 5.630 ms
[INFO   ] DREAMPlace - Lsub stopping criteria: 1 and 1680.76 > 480.378 * 0.999
[INFO   ] DREAMPlace - optimizer step 7.849 ms
[INFO   ] DREAMPlace - iteration   10, (   1,  1,  0), Obj 1.165752E+03, NetCrossing 9.546E+01, NetCrossingWeight 0.000000E+00, DensityWeight 1.588808E-05, HPWL 1.359675E+03, Overflow 2.799522E-01, MaxDensity 7.668E+00, MacroOverlap 1.363E+02, MacroOverlapWeight 8.000000E-06, gamma 1.732818E+00, time 1.009ms
[INFO   ] DREAMPlace - full step 9.402 ms
[INFO   ] DREAMPlace - optimizer step 7.795 ms
[INFO   ] DREAMPlace - iteration   11, (   1,  1,  1), Obj 1.184474E+03, NetCrossing 9.549E+01, NetCrossingWeight 0.000000E+00, DensityWeight 1.588808E-05, HPWL 1.352506E+03, Overflow 2.803334E-01, MaxDensity 7.649E+00, MacroOverlap 1.377E+02, MacroOverlapWeight 8.000000E-06, gamma 1.732818E+00, time 1.009ms
[INFO   ] DREAMPlace - full step 9.334 ms
[INFO   ] DREAMPlace - Lsub stopping criteria: 1 and 1184.47 > 1165.75 * 0.999
[INFO   ] DREAMPlace - optimizer step 4.004 ms
[INFO   ] DREAMPlace - iteration   12, (   1,  2,  0), Obj 1.132258E+03, NetCrossing 9.565E+01, NetCrossingWeight 0.000000E+00, DensityWeight 1.667247E-05, HPWL 1.219998E+03, Overflow 2.795911E-01, MaxDensity 7.591E+00, MacroOverlap 1.333E+02, MacroOverlapWeight 8.000000E-06, gamma 1.732818E+00, time 1.007ms
[INFO   ] DREAMPlace - full step 5.540 ms
[INFO   ] DREAMPlace - optimizer step 9.647 ms
[INFO   ] DREAMPlace - iteration   13, (   1,  2,  1), Obj 1.125424E+03, NetCrossing 9.579E+01, NetCrossingWeight 0.000000E+00, DensityWeight 1.667247E-05, HPWL 1.219122E+03, Overflow 2.796658E-01, MaxDensity 7.569E+00, MacroOverlap 1.336E+02, MacroOverlapWeight 8.000000E-06, gamma 1.732818E+00, time 1.107ms
[INFO   ] DREAMPlace - full step 11.323 ms
[INFO   ] DREAMPlace - optimizer step 7.968 ms
[INFO   ] DREAMPlace - iteration   14, (   1,  3,  0), Obj 1.121882E+03, NetCrossing 9.598E+01, NetCrossingWeight 0.000000E+00, DensityWeight 1.749385E-05, HPWL 1.195472E+03, Overflow 2.792280E-01, MaxDensity 7.507E+00, MacroOverlap 1.313E+02, MacroOverlapWeight 8.000000E-06, gamma 1.732818E+00, time 1.058ms
[INFO   ] DREAMPlace - full step 9.619 ms
[INFO   ] DREAMPlace - optimizer step 8.174 ms
[INFO   ] DREAMPlace - iteration   15, (   1,  3,  1), Obj 1.120727E+03, NetCrossing 9.611E+01, NetCrossingWeight 0.000000E+00, DensityWeight 1.749385E-05, HPWL 1.222861E+03, Overflow 2.794031E-01, MaxDensity 7.484E+00, MacroOverlap 1.320E+02, MacroOverlapWeight 8.000000E-06, gamma 1.732818E+00, time 1.018ms
[INFO   ] DREAMPlace - full step 9.760 ms
[INFO   ] DREAMPlace - Llambda stopping criteria: 3 and (( 0.279403 < 0.1 and 1222.86 > 1219.12 ) or 7.48419 < 1.0)
[INFO   ] DREAMPlace - optimizer step 4.086 ms
[INFO   ] DREAMPlace - iteration   16, (   2,  0,  0), Obj 1.115029E+03, NetCrossing 9.626E+01, NetCrossingWeight 0.000000E+00, DensityWeight 1.836853E-05, HPWL 1.196730E+03, Overflow 2.789633E-01, MaxDensity 7.434E+00, MacroOverlap 1.297E+02, MacroOverlapWeight 8.000000E-06, gamma 1.721656E+00, time 1.162ms
[INFO   ] DREAMPlace - full step 5.824 ms
[INFO   ] DREAMPlace - optimizer step 7.943 ms
[INFO   ] DREAMPlace - iteration   17, (   2,  0,  1), Obj 1.111984E+03, NetCrossing 9.636E+01, NetCrossingWeight 0.000000E+00, DensityWeight 1.836853E-05, HPWL 1.193971E+03, Overflow 2.791124E-01, MaxDensity 7.415E+00, MacroOverlap 1.301E+02, MacroOverlapWeight 8.000000E-06, gamma 1.721656E+00, time 1.040ms
[INFO   ] DREAMPlace - full step 9.537 ms
[INFO   ] DREAMPlace - optimizer step 4.233 ms
[INFO   ] DREAMPlace - iteration   18, (   2,  1,  0), Obj 1.108797E+03, NetCrossing 9.647E+01, NetCrossingWeight 0.000000E+00, DensityWeight 1.926960E-05, HPWL 1.179623E+03, Overflow 2.787441E-01, MaxDensity 7.375E+00, MacroOverlap 1.282E+02, MacroOverlapWeight 8.000000E-06, gamma 1.721656E+00, time 1.047ms
[INFO   ] DREAMPlace - full step 5.897 ms
[INFO   ] DREAMPlace - optimizer step 8.482 ms
[INFO   ] DREAMPlace - iteration   19, (   2,  1,  1), Obj 1.107157E+03, NetCrossing 9.656E+01, NetCrossingWeight 0.000000E+00, DensityWeight 1.926960E-05, HPWL 1.186135E+03, Overflow 2.788818E-01, MaxDensity 7.355E+00, MacroOverlap 1.286E+02, MacroOverlapWeight 8.000000E-06, gamma 1.721656E+00, time 1.075ms
[INFO   ] DREAMPlace - full step 28.307 ms
[INFO   ] DREAMPlace - optimizer step 5.199 ms
[INFO   ] DREAMPlace - iteration   20, (   2,  2,  0), Obj 1.103821E+03, NetCrossing 9.667E+01, NetCrossingWeight 0.000000E+00, DensityWeight 2.021286E-05, HPWL 1.168225E+03, Overflow 2.785282E-01, MaxDensity 7.310E+00, MacroOverlap 1.268E+02, MacroOverlapWeight 8.000000E-06, gamma 1.721656E+00, time 1.402ms
[INFO   ] DREAMPlace - full step 7.287 ms
[INFO   ] DREAMPlace - optimizer step 10.514 ms
[INFO   ] DREAMPlace - iteration   21, (   2,  2,  1), Obj 1.101633E+03, NetCrossing 9.676E+01, NetCrossingWeight 0.000000E+00, DensityWeight 2.021286E-05, HPWL 1.174583E+03, Overflow 2.786305E-01, MaxDensity 7.286E+00, MacroOverlap 1.271E+02, MacroOverlapWeight 8.000000E-06, gamma 1.721656E+00, time 1.333ms
[INFO   ] DREAMPlace - full step 17.760 ms
[INFO   ] DREAMPlace - optimizer step 4.854 ms
[INFO   ] DREAMPlace - iteration   22, (   2,  3,  0), Obj 1.099261E+03, NetCrossing 9.687E+01, NetCrossingWeight 0.000000E+00, DensityWeight 2.120017E-05, HPWL 1.164218E+03, Overflow 2.783081E-01, MaxDensity 7.241E+00, MacroOverlap 1.255E+02, MacroOverlapWeight 8.000000E-06, gamma 1.721656E+00, time 1.172ms
[INFO   ] DREAMPlace - full step 6.748 ms
[INFO   ] DREAMPlace - optimizer step 9.728 ms
[INFO   ] DREAMPlace - iteration   23, (   2,  3,  1), Obj 1.097895E+03, NetCrossing 9.696E+01, NetCrossingWeight 0.000000E+00, DensityWeight 2.120017E-05, HPWL 1.175706E+03, Overflow 2.784127E-01, MaxDensity 7.218E+00, MacroOverlap 1.258E+02, MacroOverlapWeight 8.000000E-06, gamma 1.721656E+00, time 1.710ms
[INFO   ] DREAMPlace - full step 28.804 ms
[INFO   ] DREAMPlace - Llambda stopping criteria: 3 and (( 0.278413 < 0.1 and 1175.71 > 1174.58 ) or 7.21773 < 1.0)
[INFO   ] DREAMPlace - optimizer step 5.330 ms
[INFO   ] DREAMPlace - iteration   24, (   3,  0,  0), Obj 1.095134E+03, NetCrossing 9.708E+01, NetCrossingWeight 0.000000E+00, DensityWeight 2.226017E-05, HPWL 1.162260E+03, Overflow 2.780836E-01, MaxDensity 7.173E+00, MacroOverlap 1.242E+02, MacroOverlapWeight 8.000000E-06, gamma 1.712953E+00, time 1.165ms
[INFO   ] DREAMPlace - full step 7.245 ms
[INFO   ] DREAMPlace - optimizer step 9.649 ms
[INFO   ] DREAMPlace - iteration   25, (   3,  0,  1), Obj 1.093327E+03, NetCrossing 9.716E+01, NetCrossingWeight 0.000000E+00, DensityWeight 2.226017E-05, HPWL 1.169806E+03, Overflow 2.781773E-01, MaxDensity 7.152E+00, MacroOverlap 1.244E+02, MacroOverlapWeight 8.000000E-06, gamma 1.712953E+00, time 1.351ms
[INFO   ] DREAMPlace - full step 12.250 ms
[INFO   ] DREAMPlace - optimizer step 4.559 ms
[INFO   ] DREAMPlace - iteration   26, (   3,  1,  0), Obj 1.091140E+03, NetCrossing 9.728E+01, NetCrossingWeight 0.000000E+00, DensityWeight 2.334281E-05, HPWL 1.159148E+03, Overflow 2.778321E-01, MaxDensity 7.107E+00, MacroOverlap 1.228E+02, MacroOverlapWeight 8.000000E-06, gamma 1.712953E+00, time 1.312ms
[INFO   ] DREAMPlace - full step 33.100 ms
[INFO   ] DREAMPlace - optimizer step 9.357 ms
[INFO   ] DREAMPlace - iteration   27, (   3,  1,  1), Obj 1.089914E+03, NetCrossing 9.737E+01, NetCrossingWeight 0.000000E+00, DensityWeight 2.334281E-05, HPWL 1.171912E+03, Overflow 2.779472E-01, MaxDensity 7.090E+00, MacroOverlap 1.231E+02, MacroOverlapWeight 8.000000E-06, gamma 1.712953E+00, time 1.661ms
[INFO   ] DREAMPlace - full step 11.803 ms
[INFO   ] DREAMPlace - Llambda stopping criteria: 1 and (( 0.277947 < 0.1 and 1171.91 > 1169.81 ) or 7.08972 < 1.0)
[INFO   ] DREAMPlace - optimizer step 5.744 ms
[INFO   ] DREAMPlace - iteration   28, (   4,  0,  0), Obj 1.087427E+03, NetCrossing 9.749E+01, NetCrossingWeight 0.000000E+00, DensityWeight 2.450994E-05, HPWL 1.158005E+03, Overflow 2.775735E-01, MaxDensity 7.043E+00, MacroOverlap 1.214E+02, MacroOverlapWeight 8.000000E-06, gamma 1.708878E+00, time 1.522ms
[INFO   ] DREAMPlace - full step 8.063 ms
[INFO   ] DREAMPlace - optimizer step 9.553 ms
[INFO   ] DREAMPlace - iteration   29, (   4,  0,  1), Obj 1.085879E+03, NetCrossing 9.757E+01, NetCrossingWeight 0.000000E+00, DensityWeight 2.450994E-05, HPWL 1.168833E+03, Overflow 2.776800E-01, MaxDensity 7.030E+00, MacroOverlap 1.217E+02, MacroOverlapWeight 8.000000E-06, gamma 1.708878E+00, time 1.356ms
[INFO   ] DREAMPlace - full step 11.608 ms
[INFO   ] DREAMPlace - optimizer step 4.305 ms
[INFO   ] DREAMPlace - iteration   30, (   4,  1,  0), Obj 1.083824E+03, NetCrossing 9.769E+01, NetCrossingWeight 0.000000E+00, DensityWeight 2.569686E-05, HPWL 1.156759E+03, Overflow 2.773156E-01, MaxDensity 6.981E+00, MacroOverlap 1.201E+02, MacroOverlapWeight 8.000000E-06, gamma 1.708878E+00, time 1.103ms
[INFO   ] DREAMPlace - full step 6.073 ms
[INFO   ] DREAMPlace - optimizer step 8.372 ms
[INFO   ] DREAMPlace - iteration   31, (   4,  1,  1), Obj 1.082760E+03, NetCrossing 9.777E+01, NetCrossingWeight 0.000000E+00, DensityWeight 2.569686E-05, HPWL 1.172007E+03, Overflow 2.773952E-01, MaxDensity 6.980E+00, MacroOverlap 1.204E+02, MacroOverlapWeight 8.000000E-06, gamma 1.708878E+00, time 1.080ms
[INFO   ] DREAMPlace - full step 10.087 ms
[INFO   ] DREAMPlace - Lsub stopping criteria: 1 and 1082.76 > 1083.82 * 0.999
[INFO   ] DREAMPlace - Llambda stopping criteria: 1 and (( 0.277395 < 0.1 and 1172.01 > 1168.83 ) or 6.98042 < 1.0)
[INFO   ] DREAMPlace - optimizer step 4.311 ms
[INFO   ] DREAMPlace - iteration   32, (   5,  0,  0), Obj 1.080509E+03, NetCrossing 9.790E+01, NetCrossingWeight 0.000000E+00, DensityWeight 2.698169E-05, HPWL 1.156141E+03, Overflow 2.770562E-01, MaxDensity 6.941E+00, MacroOverlap 1.187E+02, MacroOverlapWeight 8.000000E-06, gamma 1.704058E+00, time 1.152ms
[INFO   ] DREAMPlace - full step 6.082 ms
[INFO   ] DREAMPlace - optimizer step 9.581 ms
[INFO   ] DREAMPlace - iteration   33, (   5,  0,  1), Obj 1.079266E+03, NetCrossing 9.798E+01, NetCrossingWeight 0.000000E+00, DensityWeight 2.698169E-05, HPWL 1.169743E+03, Overflow 2.770892E-01, MaxDensity 6.958E+00, MacroOverlap 1.190E+02, MacroOverlapWeight 8.000000E-06, gamma 1.704058E+00, time 1.134ms
[INFO   ] DREAMPlace - full step 11.309 ms
[INFO   ] DREAMPlace - optimizer step 5.098 ms
[INFO   ] DREAMPlace - iteration   34, (   5,  1,  0), Obj 1.077322E+03, NetCrossing 9.811E+01, NetCrossingWeight 0.000000E+00, DensityWeight 2.828265E-05, HPWL 1.153791E+03, Overflow 2.767993E-01, MaxDensity 6.913E+00, MacroOverlap 1.173E+02, MacroOverlapWeight 8.000000E-06, gamma 1.704058E+00, time 1.202ms
[INFO   ] DREAMPlace - full step 7.020 ms
[INFO   ] DREAMPlace - optimizer step 10.663 ms
[INFO   ] DREAMPlace - iteration   35, (   5,  1,  1), Obj 1.076369E+03, NetCrossing 9.818E+01, NetCrossingWeight 0.000000E+00, DensityWeight 2.828265E-05, HPWL 1.169593E+03, Overflow 2.767776E-01, MaxDensity 6.933E+00, MacroOverlap 1.177E+02, MacroOverlapWeight 8.000000E-06, gamma 1.704058E+00, time 1.275ms
[INFO   ] DREAMPlace - full step 12.837 ms
[INFO   ] DREAMPlace - Lsub stopping criteria: 1 and 1076.37 > 1077.32 * 0.999
[INFO   ] DREAMPlace - optimizer step 5.582 ms
[INFO   ] DREAMPlace - iteration   36, (   5,  2,  0), Obj 1.074365E+03, NetCrossing 9.831E+01, NetCrossingWeight 0.000000E+00, DensityWeight 2.964338E-05, HPWL 1.152456E+03, Overflow 2.765395E-01, MaxDensity 6.862E+00, MacroOverlap 1.160E+02, MacroOverlapWeight 8.000000E-06, gamma 1.704058E+00, time 1.305ms
[INFO   ] DREAMPlace - full step 7.554 ms
[INFO   ] DREAMPlace - optimizer step 9.191 ms
[INFO   ] DREAMPlace - iteration   37, (   5,  2,  1), Obj 1.073078E+03, NetCrossing 9.838E+01, NetCrossingWeight 0.000000E+00, DensityWeight 2.964338E-05, HPWL 1.164168E+03, Overflow 2.764591E-01, MaxDensity 6.871E+00, MacroOverlap 1.163E+02, MacroOverlapWeight 8.000000E-06, gamma 1.704058E+00, time 1.167ms
[INFO   ] DREAMPlace - full step 11.008 ms
[INFO   ] DREAMPlace - optimizer step 4.274 ms
[INFO   ] DREAMPlace - iteration   38, (   5,  3,  0), Obj 1.071431E+03, NetCrossing 9.852E+01, NetCrossingWeight 0.000000E+00, DensityWeight 3.106646E-05, HPWL 1.150437E+03, Overflow 2.762747E-01, MaxDensity 6.807E+00, MacroOverlap 1.147E+02, MacroOverlapWeight 8.000000E-06, gamma 1.704058E+00, time 1.069ms
[INFO   ] DREAMPlace - full step 5.958 ms
[INFO   ] DREAMPlace - optimizer step 4.710 ms
[INFO   ] DREAMPlace - iteration   39, (   5,  3,  1), Obj 1.070093E+03, NetCrossing 9.858E+01, NetCrossingWeight 0.000000E+00, DensityWeight 3.106646E-05, HPWL 1.161111E+03, Overflow 2.761444E-01, MaxDensity 6.832E+00, MacroOverlap 1.150E+02, MacroOverlapWeight 8.000000E-06, gamma 1.704058E+00, time 1.127ms
[INFO   ] DREAMPlace - full step 6.512 ms
[INFO   ] DREAMPlace - optimizer step 4.952 ms
[INFO   ] DREAMPlace - iteration   40, (   5,  4,  0), Obj 1.069343E+03, NetCrossing 9.872E+01, NetCrossingWeight 0.000000E+00, DensityWeight 3.255461E-05, HPWL 1.154652E+03, Overflow 2.760004E-01, MaxDensity 6.760E+00, MacroOverlap 1.133E+02, MacroOverlapWeight 8.000000E-06, gamma 1.704058E+00, time 1.240ms
[INFO   ] DREAMPlace - full step 6.904 ms
[INFO   ] DREAMPlace - optimizer step 4.257 ms
[INFO   ] DREAMPlace - iteration   41, (   5,  4,  1), Obj 1.067367E+03, NetCrossing 9.877E+01, NetCrossingWeight 0.000000E+00, DensityWeight 3.255461E-05, HPWL 1.160839E+03, Overflow 2.758330E-01, MaxDensity 6.792E+00, MacroOverlap 1.136E+02, MacroOverlapWeight 8.000000E-06, gamma 1.704058E+00, time 1.100ms
[INFO   ] DREAMPlace - full step 6.006 ms
[INFO   ] DREAMPlace - optimizer step 5.514 ms
[INFO   ] DREAMPlace - iteration   42, (   5,  5,  0), Obj 1.064945E+03, NetCrossing 9.891E+01, NetCrossingWeight 0.000000E+00, DensityWeight 3.411062E-05, HPWL 1.144945E+03, Overflow 2.757299E-01, MaxDensity 6.718E+00, MacroOverlap 1.121E+02, MacroOverlapWeight 8.000000E-06, gamma 1.704058E+00, time 1.311ms
[INFO   ] DREAMPlace - full step 7.523 ms
[INFO   ] DREAMPlace - optimizer step 4.347 ms
[INFO   ] DREAMPlace - iteration   43, (   5,  5,  1), Obj 1.062920E+03, NetCrossing 9.896E+01, NetCrossingWeight 0.000000E+00, DensityWeight 3.411062E-05, HPWL 1.151723E+03, Overflow 2.755376E-01, MaxDensity 6.742E+00, MacroOverlap 1.123E+02, MacroOverlapWeight 8.000000E-06, gamma 1.704058E+00, time 1.337ms
[INFO   ] DREAMPlace - full step 6.347 ms
[INFO   ] DREAMPlace - optimizer step 4.058 ms
[INFO   ] DREAMPlace - iteration   44, (   5,  6,  0), Obj 1.061486E+03, NetCrossing 9.909E+01, NetCrossingWeight 0.000000E+00, DensityWeight 3.573744E-05, HPWL 1.143113E+03, Overflow 2.754550E-01, MaxDensity 6.661E+00, MacroOverlap 1.108E+02, MacroOverlapWeight 8.000000E-06, gamma 1.704058E+00, time 1.041ms
[INFO   ] DREAMPlace - full step 5.672 ms
[INFO   ] DREAMPlace - optimizer step 4.074 ms
[INFO   ] DREAMPlace - iteration   45, (   5,  6,  1), Obj 1.060163E+03, NetCrossing 9.915E+01, NetCrossingWeight 0.000000E+00, DensityWeight 3.573744E-05, HPWL 1.154131E+03, Overflow 2.752470E-01, MaxDensity 6.689E+00, MacroOverlap 1.111E+02, MacroOverlapWeight 8.000000E-06, gamma 1.704058E+00, time 1.043ms
[INFO   ] DREAMPlace - full step 5.790 ms
[INFO   ] DREAMPlace - Llambda stopping criteria: 6 and (( 0.275247 < 0.1 and 1154.13 > 1151.72 ) or 6.68867 < 1.0)
[INFO   ] DREAMPlace - optimizer step 4.567 ms
[INFO   ] DREAMPlace - iteration   46, (   6,  0,  0), Obj 1.058163E+03, NetCrossing 9.928E+01, NetCrossingWeight 0.000000E+00, DensityWeight 3.752430E-05, HPWL 1.143323E+03, Overflow 2.751599E-01, MaxDensity 6.604E+00, MacroOverlap 1.095E+02, MacroOverlapWeight 8.000000E-06, gamma 1.685430E+00, time 1.100ms
[INFO   ] DREAMPlace - full step 6.318 ms
[INFO   ] DREAMPlace - optimizer step 5.454 ms
[INFO   ] DREAMPlace - iteration   47, (   6,  0,  1), Obj 1.056163E+03, NetCrossing 9.933E+01, NetCrossingWeight 0.000000E+00, DensityWeight 3.752430E-05, HPWL 1.150377E+03, Overflow 2.749577E-01, MaxDensity 6.633E+00, MacroOverlap 1.098E+02, MacroOverlapWeight 8.000000E-06, gamma 1.685430E+00, time 1.590ms
[INFO   ] DREAMPlace - full step 7.813 ms
[INFO   ] DREAMPlace - optimizer step 5.775 ms
[INFO   ] DREAMPlace - iteration   48, (   6,  1,  0), Obj 1.054291E+03, NetCrossing 9.945E+01, NetCrossingWeight 0.000000E+00, DensityWeight 3.930606E-05, HPWL 1.140260E+03, Overflow 2.748601E-01, MaxDensity 6.543E+00, MacroOverlap 1.082E+02, MacroOverlapWeight 8.000000E-06, gamma 1.685430E+00, time 1.304ms
[INFO   ] DREAMPlace - full step 7.821 ms
[INFO   ] DREAMPlace - optimizer step 4.538 ms
[INFO   ] DREAMPlace - iteration   49, (   6,  1,  1), Obj 1.052627E+03, NetCrossing 9.950E+01, NetCrossingWeight 0.000000E+00, DensityWeight 3.930606E-05, HPWL 1.150542E+03, Overflow 2.746513E-01, MaxDensity 6.561E+00, MacroOverlap 1.085E+02, MacroOverlapWeight 8.000000E-06, gamma 1.685430E+00, time 1.210ms
[INFO   ] DREAMPlace - full step 6.414 ms
[INFO   ] DREAMPlace - Llambda stopping criteria: 1 and (( 0.274651 < 0.1 and 1150.54 > 1150.38 ) or 6.56142 < 1.0)
[INFO   ] DREAMPlace - optimizer step 4.274 ms
[INFO   ] DREAMPlace - iteration   50, (   7,  0,  0), Obj 1.050559E+03, NetCrossing 9.962E+01, NetCrossingWeight 0.000000E+00, DensityWeight 4.127136E-05, HPWL 1.139519E+03, Overflow 2.745573E-01, MaxDensity 6.462E+00, MacroOverlap 1.069E+02, MacroOverlapWeight 8.000000E-06, gamma 1.680300E+00, time 1.394ms
[INFO   ] DREAMPlace - full step 6.392 ms
[INFO   ] DREAMPlace - optimizer step 4.056 ms
[INFO   ] DREAMPlace - iteration   51, (   7,  0,  1), Obj 1.048692E+03, NetCrossing 9.967E+01, NetCrossingWeight 0.000000E+00, DensityWeight 4.127136E-05, HPWL 1.148463E+03, Overflow 2.743429E-01, MaxDensity 6.480E+00, MacroOverlap 1.072E+02, MacroOverlapWeight 8.000000E-06, gamma 1.680300E+00, time 1.041ms
[INFO   ] DREAMPlace - full step 5.736 ms
[INFO   ] DREAMPlace - optimizer step 4.276 ms
[INFO   ] DREAMPlace - iteration   52, (   7,  1,  0), Obj 1.046688E+03, NetCrossing 9.979E+01, NetCrossingWeight 0.000000E+00, DensityWeight 4.322240E-05, HPWL 1.137301E+03, Overflow 2.742512E-01, MaxDensity 6.379E+00, MacroOverlap 1.056E+02, MacroOverlapWeight 8.000000E-06, gamma 1.680300E+00, time 1.061ms
[INFO   ] DREAMPlace - full step 5.930 ms
[INFO   ] DREAMPlace - optimizer step 4.893 ms
[INFO   ] DREAMPlace - iteration   53, (   7,  1,  1), Obj 1.044926E+03, NetCrossing 9.983E+01, NetCrossingWeight 0.000000E+00, DensityWeight 4.322240E-05, HPWL 1.146716E+03, Overflow 2.740323E-01, MaxDensity 6.398E+00, MacroOverlap 1.059E+02, MacroOverlapWeight 8.000000E-06, gamma 1.680300E+00, time 1.143ms
[INFO   ] DREAMPlace - full step 6.764 ms
[INFO   ] DREAMPlace - optimizer step 5.554 ms
[INFO   ] DREAMPlace - iteration   54, (   7,  2,  0), Obj 1.042842E+03, NetCrossing 9.996E+01, NetCrossingWeight 0.000000E+00, DensityWeight 4.526115E-05, HPWL 1.134354E+03, Overflow 2.739434E-01, MaxDensity 6.294E+00, MacroOverlap 1.043E+02, MacroOverlapWeight 8.000000E-06, gamma 1.680300E+00, time 1.541ms
[INFO   ] DREAMPlace - full step 7.922 ms
[INFO   ] DREAMPlace - optimizer step 4.611 ms
[INFO   ] DREAMPlace - iteration   55, (   7,  2,  1), Obj 1.040995E+03, NetCrossing 1.000E+02, NetCrossingWeight 0.000000E+00, DensityWeight 4.526115E-05, HPWL 1.143118E+03, Overflow 2.737220E-01, MaxDensity 6.313E+00, MacroOverlap 1.046E+02, MacroOverlapWeight 8.000000E-06, gamma 1.680300E+00, time 1.197ms
[INFO   ] DREAMPlace - full step 6.513 ms
[INFO   ] DREAMPlace - optimizer step 6.448 ms
[INFO   ] DREAMPlace - iteration   56, (   7,  3,  0), Obj 1.038921E+03, NetCrossing 1.001E+02, NetCrossingWeight 0.000000E+00, DensityWeight 4.739131E-05, HPWL 1.130699E+03, Overflow 2.736351E-01, MaxDensity 6.209E+00, MacroOverlap 1.030E+02, MacroOverlapWeight 8.000000E-06, gamma 1.680300E+00, time 1.364ms
[INFO   ] DREAMPlace - full step 8.629 ms
[INFO   ] DREAMPlace - optimizer step 4.781 ms
[INFO   ] DREAMPlace - iteration   57, (   7,  3,  1), Obj 1.037177E+03, NetCrossing 1.002E+02, NetCrossingWeight 0.000000E+00, DensityWeight 4.739131E-05, HPWL 1.139650E+03, Overflow 2.734118E-01, MaxDensity 6.228E+00, MacroOverlap 1.033E+02, MacroOverlapWeight 8.000000E-06, gamma 1.680300E+00, time 1.256ms
[INFO   ] DREAMPlace - full step 6.819 ms
[INFO   ] DREAMPlace - optimizer step 4.293 ms
[INFO   ] DREAMPlace - iteration   58, (   7,  4,  0), Obj 1.035154E+03, NetCrossing 1.003E+02, NetCrossingWeight 0.000000E+00, DensityWeight 4.961677E-05, HPWL 1.127150E+03, Overflow 2.733267E-01, MaxDensity 6.124E+00, MacroOverlap 1.017E+02, MacroOverlapWeight 8.000000E-06, gamma 1.680300E+00, time 1.148ms
[INFO   ] DREAMPlace - full step 6.161 ms
[INFO   ] DREAMPlace - optimizer step 4.066 ms
[INFO   ] DREAMPlace - iteration   59, (   7,  4,  1), Obj 1.033395E+03, NetCrossing 1.004E+02, NetCrossingWeight 0.000000E+00, DensityWeight 4.961677E-05, HPWL 1.136111E+03, Overflow 2.731012E-01, MaxDensity 6.141E+00, MacroOverlap 1.020E+02, MacroOverlapWeight 8.000000E-06, gamma 1.680300E+00, time 1.056ms
[INFO   ] DREAMPlace - full step 5.725 ms
[INFO   ] DREAMPlace - optimizer step 4.485 ms
[INFO   ] DREAMPlace - iteration   60, (   7,  5,  0), Obj 1.031349E+03, NetCrossing 1.005E+02, NetCrossingWeight 0.000000E+00, DensityWeight 5.194155E-05, HPWL 1.123552E+03, Overflow 2.730173E-01, MaxDensity 6.038E+00, MacroOverlap 1.003E+02, MacroOverlapWeight 8.000000E-06, gamma 1.680300E+00, time 1.081ms
[INFO   ] DREAMPlace - full step 6.208 ms
[INFO   ] DREAMPlace - optimizer step 4.451 ms
[INFO   ] DREAMPlace - iteration   61, (   7,  5,  1), Obj 1.029614E+03, NetCrossing 1.005E+02, NetCrossingWeight 0.000000E+00, DensityWeight 5.194155E-05, HPWL 1.132948E+03, Overflow 2.727884E-01, MaxDensity 6.055E+00, MacroOverlap 1.006E+02, MacroOverlapWeight 8.000000E-06, gamma 1.680300E+00, time 1.479ms
[INFO   ] DREAMPlace - full step 6.725 ms
[INFO   ] DREAMPlace - optimizer step 4.294 ms
[INFO   ] DREAMPlace - iteration   62, (   7,  6,  0), Obj 1.027558E+03, NetCrossing 1.007E+02, NetCrossingWeight 0.000000E+00, DensityWeight 5.436981E-05, HPWL 1.120634E+03, Overflow 2.727054E-01, MaxDensity 5.951E+00, MacroOverlap 9.900E+01, MacroOverlapWeight 8.000000E-06, gamma 1.680300E+00, time 1.088ms
[INFO   ] DREAMPlace - full step 6.006 ms
[INFO   ] DREAMPlace - optimizer step 4.262 ms
[INFO   ] DREAMPlace - iteration   63, (   7,  6,  1), Obj 1.025843E+03, NetCrossing 1.007E+02, NetCrossingWeight 0.000000E+00, DensityWeight 5.436981E-05, HPWL 1.130382E+03, Overflow 2.724715E-01, MaxDensity 5.969E+00, MacroOverlap 9.931E+01, MacroOverlapWeight 8.000000E-06, gamma 1.680300E+00, time 1.087ms
[INFO   ] DREAMPlace - full step 5.969 ms
[INFO   ] DREAMPlace - optimizer step 4.431 ms
[INFO   ] DREAMPlace - iteration   64, (   7,  7,  0), Obj 1.023735E+03, NetCrossing 1.009E+02, NetCrossingWeight 0.000000E+00, DensityWeight 5.690590E-05, HPWL 1.118073E+03, Overflow 2.723771E-01, MaxDensity 5.853E+00, MacroOverlap 9.763E+01, MacroOverlapWeight 8.000000E-06, gamma 1.680300E+00, time 1.303ms
[INFO   ] DREAMPlace - full step 6.350 ms
[INFO   ] DREAMPlace - optimizer step 4.120 ms
[INFO   ] DREAMPlace - iteration   65, (   7,  7,  1), Obj 1.021998E+03, NetCrossing 1.010E+02, NetCrossingWeight 0.000000E+00, DensityWeight 5.690590E-05, HPWL 1.128054E+03, Overflow 2.721374E-01, MaxDensity 5.857E+00, MacroOverlap 9.794E+01, MacroOverlapWeight 8.000000E-06, gamma 1.680300E+00, time 1.083ms
[INFO   ] DREAMPlace - full step 5.846 ms
[INFO   ] DREAMPlace - optimizer step 4.066 ms
[INFO   ] DREAMPlace - iteration   66, (   7,  8,  0), Obj 1.019851E+03, NetCrossing 1.011E+02, NetCrossingWeight 0.000000E+00, DensityWeight 5.955433E-05, HPWL 1.115858E+03, Overflow 2.720410E-01, MaxDensity 5.738E+00, MacroOverlap 9.624E+01, MacroOverlapWeight 8.000000E-06, gamma 1.680300E+00, time 1.053ms
[INFO   ] DREAMPlace - full step 5.688 ms
[INFO   ] DREAMPlace - optimizer step 4.057 ms
[INFO   ] DREAMPlace - iteration   67, (   7,  8,  1), Obj 1.018133E+03, NetCrossing 1.012E+02, NetCrossingWeight 0.000000E+00, DensityWeight 5.955433E-05, HPWL 1.126152E+03, Overflow 2.717955E-01, MaxDensity 5.744E+00, MacroOverlap 9.655E+01, MacroOverlapWeight 8.000000E-06, gamma 1.680300E+00, time 1.037ms
[INFO   ] DREAMPlace - full step 5.661 ms
[INFO   ] DREAMPlace - optimizer step 4.168 ms
[INFO   ] DREAMPlace - iteration   68, (   7,  9,  0), Obj 1.015920E+03, NetCrossing 1.013E+02, NetCrossingWeight 0.000000E+00, DensityWeight 6.231978E-05, HPWL 1.113910E+03, Overflow 2.716978E-01, MaxDensity 5.624E+00, MacroOverlap 9.481E+01, MacroOverlapWeight 8.000000E-06, gamma 1.680300E+00, time 1.096ms
[INFO   ] DREAMPlace - full step 5.838 ms
[INFO   ] DREAMPlace - optimizer step 5.204 ms
[INFO   ] DREAMPlace - iteration   69, (   7,  9,  1), Obj 1.014224E+03, NetCrossing 1.014E+02, NetCrossingWeight 0.000000E+00, DensityWeight 6.231978E-05, HPWL 1.124324E+03, Overflow 2.714428E-01, MaxDensity 5.631E+00, MacroOverlap 9.514E+01, MacroOverlapWeight 8.000000E-06, gamma 1.680300E+00, time 1.063ms
[INFO   ] DREAMPlace - full step 6.911 ms
[INFO   ] DREAMPlace - optimizer step 5.175 ms
[INFO   ] DREAMPlace - iteration   70, (   8,  0,  0), Obj 1.011925E+03, NetCrossing 1.016E+02, NetCrossingWeight 0.000000E+00, DensityWeight 6.520714E-05, HPWL 1.111952E+03, Overflow 2.713437E-01, MaxDensity 5.510E+00, MacroOverlap 9.336E+01, MacroOverlapWeight 8.000000E-06, gamma 1.652938E+00, time 1.300ms
[INFO   ] DREAMPlace - full step 7.188 ms
[INFO   ] DREAMPlace - optimizer step 5.394 ms
[INFO   ] DREAMPlace - iteration   71, (   8,  0,  1), Obj 1.010615E+03, NetCrossing 1.016E+02, NetCrossingWeight 0.000000E+00, DensityWeight 6.520714E-05, HPWL 1.122666E+03, Overflow 2.710786E-01, MaxDensity 5.518E+00, MacroOverlap 9.369E+01, MacroOverlapWeight 8.000000E-06, gamma 1.652938E+00, time 1.435ms
[INFO   ] DREAMPlace - full step 7.584 ms
[INFO   ] DREAMPlace - optimizer step 5.339 ms
[INFO   ] DREAMPlace - iteration   72, (   8,  1,  0), Obj 1.008661E+03, NetCrossing 1.018E+02, NetCrossingWeight 0.000000E+00, DensityWeight 6.822144E-05, HPWL 1.112348E+03, Overflow 2.709790E-01, MaxDensity 5.396E+00, MacroOverlap 9.186E+01, MacroOverlapWeight 8.000000E-06, gamma 1.652938E+00, time 1.308ms
[INFO   ] DREAMPlace - full step 7.425 ms
[INFO   ] DREAMPlace - optimizer step 4.655 ms
[INFO   ] DREAMPlace - iteration   73, (   8,  1,  1), Obj 1.006938E+03, NetCrossing 1.019E+02, NetCrossingWeight 0.000000E+00, DensityWeight 6.822144E-05, HPWL 1.122086E+03, Overflow 2.706889E-01, MaxDensity 5.407E+00, MacroOverlap 9.222E+01, MacroOverlapWeight 8.000000E-06, gamma 1.652938E+00, time 1.319ms
[INFO   ] DREAMPlace - full step 6.753 ms
[INFO   ] DREAMPlace - optimizer step 4.510 ms
[INFO   ] DREAMPlace - iteration   74, (   8,  2,  0), Obj 1.003922E+03, NetCrossing 1.021E+02, NetCrossingWeight 0.000000E+00, DensityWeight 7.136795E-05, HPWL 1.106720E+03, Overflow 2.705398E-01, MaxDensity 5.285E+00, MacroOverlap 9.037E+01, MacroOverlapWeight 8.000000E-06, gamma 1.652938E+00, time 1.469ms
[INFO   ] DREAMPlace - full step 6.655 ms
[INFO   ] DREAMPlace - optimizer step 4.729 ms
[INFO   ] DREAMPlace - iteration   75, (   8,  2,  1), Obj 1.002382E+03, NetCrossing 1.021E+02, NetCrossingWeight 0.000000E+00, DensityWeight 7.136795E-05, HPWL 1.117122E+03, Overflow 2.702063E-01, MaxDensity 5.295E+00, MacroOverlap 9.071E+01, MacroOverlapWeight 8.000000E-06, gamma 1.652938E+00, time 1.179ms
[INFO   ] DREAMPlace - full step 6.645 ms
[INFO   ] DREAMPlace - optimizer step 5.516 ms
[INFO   ] DREAMPlace - iteration   76, (   8,  3,  0), Obj 1.000163E+03, NetCrossing 1.023E+02, NetCrossingWeight 0.000000E+00, DensityWeight 7.465213E-05, HPWL 1.106113E+03, Overflow 2.700510E-01, MaxDensity 5.181E+00, MacroOverlap 8.883E+01, MacroOverlapWeight 8.000000E-06, gamma 1.652938E+00, time 1.273ms
[INFO   ] DREAMPlace - full step 7.541 ms
[INFO   ] DREAMPlace - optimizer step 7.014 ms
[INFO   ] DREAMPlace - iteration   77, (   8,  3,  1), Obj 9.991328E+02, NetCrossing 1.024E+02, NetCrossingWeight 0.000000E+00, DensityWeight 7.465213E-05, HPWL 1.118621E+03, Overflow 2.697013E-01, MaxDensity 5.223E+00, MacroOverlap 8.922E+01, MacroOverlapWeight 8.000000E-06, gamma 1.652938E+00, time 1.242ms
[INFO   ] DREAMPlace - full step 8.965 ms
[INFO   ] DREAMPlace - Llambda stopping criteria: 3 and (( 0.269701 < 0.1 and 1118.62 > 1117.12 ) or 5.22314 < 1.0)
[INFO   ] DREAMPlace - optimizer step 4.660 ms
[INFO   ] DREAMPlace - iteration   78, (   9,  0,  0), Obj 9.962070E+02, NetCrossing 1.026E+02, NetCrossingWeight 0.000000E+00, DensityWeight 7.838471E-05, HPWL 1.104551E+03, Overflow 2.695470E-01, MaxDensity 5.137E+00, MacroOverlap 8.728E+01, MacroOverlapWeight 8.000000E-06, gamma 1.638275E+00, time 1.441ms
[INFO   ] DREAMPlace - full step 6.806 ms
[INFO   ] DREAMPlace - optimizer step 5.075 ms
[INFO   ] DREAMPlace - iteration   79, (   9,  0,  1), Obj 9.950016E+02, NetCrossing 1.026E+02, NetCrossingWeight 0.000000E+00, DensityWeight 7.838471E-05, HPWL 1.115144E+03, Overflow 2.692042E-01, MaxDensity 5.187E+00, MacroOverlap 8.768E+01, MacroOverlapWeight 8.000000E-06, gamma 1.638275E+00, time 1.483ms
[INFO   ] DREAMPlace - full step 7.283 ms
[INFO   ] DREAMPlace - optimizer step 4.288 ms
[INFO   ] DREAMPlace - iteration   80, (   9,  1,  0), Obj 9.924039E+02, NetCrossing 1.028E+02, NetCrossingWeight 0.000000E+00, DensityWeight 8.197538E-05, HPWL 1.102827E+03, Overflow 2.690594E-01, MaxDensity 5.100E+00, MacroOverlap 8.571E+01, MacroOverlapWeight 8.000000E-06, gamma 1.638275E+00, time 1.132ms
[INFO   ] DREAMPlace - full step 6.123 ms
[INFO   ] DREAMPlace - optimizer step 4.296 ms
[INFO   ] DREAMPlace - iteration   81, (   9,  1,  1), Obj 9.915263E+02, NetCrossing 1.029E+02, NetCrossingWeight 0.000000E+00, DensityWeight 8.197538E-05, HPWL 1.115631E+03, Overflow 2.687018E-01, MaxDensity 5.151E+00, MacroOverlap 8.613E+01, MacroOverlapWeight 8.000000E-06, gamma 1.638275E+00, time 1.106ms
[INFO   ] DREAMPlace - full step 6.111 ms
[INFO   ] DREAMPlace - Lsub stopping criteria: 1 and 991.526 > 992.404 * 0.999
[INFO   ] DREAMPlace - Llambda stopping criteria: 1 and (( 0.268702 < 0.1 and 1115.63 > 1115.14 ) or 5.15106 < 1.0)
[INFO   ] DREAMPlace - optimizer step 4.505 ms
[INFO   ] DREAMPlace - iteration   82, (  10,  0,  0), Obj 9.882487E+02, NetCrossing 1.031E+02, NetCrossingWeight 0.000000E+00, DensityWeight 8.607413E-05, HPWL 1.100315E+03, Overflow 2.685632E-01, MaxDensity 5.062E+00, MacroOverlap 8.411E+01, MacroOverlapWeight 8.000000E-06, gamma 1.629917E+00, time 1.117ms
[INFO   ] DREAMPlace - full step 6.260 ms
[INFO   ] DREAMPlace - optimizer step 4.634 ms
[INFO   ] DREAMPlace - iteration   83, (  10,  0,  1), Obj 9.874188E+02, NetCrossing 1.032E+02, NetCrossingWeight 0.000000E+00, DensityWeight 8.607413E-05, HPWL 1.112501E+03, Overflow 2.681816E-01, MaxDensity 5.112E+00, MacroOverlap 8.454E+01, MacroOverlapWeight 8.000000E-06, gamma 1.629917E+00, time 1.136ms
[INFO   ] DREAMPlace - full step 6.420 ms
[INFO   ] DREAMPlace - Lsub stopping criteria: 1 and 987.419 > 988.249 * 0.999
[INFO   ] DREAMPlace - optimizer step 4.657 ms
[INFO   ] DREAMPlace - iteration   84, (  10,  1,  0), Obj 9.845167E+02, NetCrossing 1.034E+02, NetCrossingWeight 0.000000E+00, DensityWeight 8.999903E-05, HPWL 1.099060E+03, Overflow 2.681025E-01, MaxDensity 5.021E+00, MacroOverlap 8.248E+01, MacroOverlapWeight 8.000000E-06, gamma 1.629917E+00, time 1.471ms
[INFO   ] DREAMPlace - full step 6.954 ms
[INFO   ] DREAMPlace - optimizer step 5.713 ms
[INFO   ] DREAMPlace - iteration   85, (  10,  1,  1), Obj 9.840226E+02, NetCrossing 1.034E+02, NetCrossingWeight 0.000000E+00, DensityWeight 8.999903E-05, HPWL 1.113097E+03, Overflow 2.676689E-01, MaxDensity 5.072E+00, MacroOverlap 8.294E+01, MacroOverlapWeight 8.000000E-06, gamma 1.629917E+00, time 1.661ms
[INFO   ] DREAMPlace - full step 37.383 ms
[INFO   ] DREAMPlace - Lsub stopping criteria: 1 and 984.023 > 984.517 * 0.999
[INFO   ] DREAMPlace - Llambda stopping criteria: 1 and (( 0.267669 < 0.1 and 1113.1 > 1112.5 ) or 5.072 < 1.0)
[INFO   ] DREAMPlace - optimizer step 4.625 ms
[INFO   ] DREAMPlace - iteration   86, (  11,  0,  0), Obj 9.804543E+02, NetCrossing 1.037E+02, NetCrossingWeight 0.000000E+00, DensityWeight 9.449897E-05, HPWL 1.096749E+03, Overflow 2.676651E-01, MaxDensity 4.978E+00, MacroOverlap 8.081E+01, MacroOverlapWeight 8.000000E-06, gamma 1.621326E+00, time 1.233ms
[INFO   ] DREAMPlace - full step 33.617 ms
[INFO   ] DREAMPlace - optimizer step 4.401 ms
[INFO   ] DREAMPlace - iteration   87, (  11,  0,  1), Obj 9.800275E+02, NetCrossing 1.037E+02, NetCrossingWeight 0.000000E+00, DensityWeight 9.449897E-05, HPWL 1.110310E+03, Overflow 2.672444E-01, MaxDensity 5.029E+00, MacroOverlap 8.128E+01, MacroOverlapWeight 8.000000E-06, gamma 1.621326E+00, time 1.262ms
[INFO   ] DREAMPlace - full step 6.435 ms
[INFO   ] DREAMPlace - Lsub stopping criteria: 1 and 980.028 > 980.454 * 0.999
[INFO   ] DREAMPlace - optimizer step 8.651 ms
[INFO   ] DREAMPlace - iteration   88, (  11,  1,  0), Obj 9.768022E+02, NetCrossing 1.040E+02, NetCrossingWeight 0.000000E+00, DensityWeight 9.878827E-05, HPWL 1.095713E+03, Overflow 2.672416E-01, MaxDensity 4.933E+00, MacroOverlap 7.909E+01, MacroOverlapWeight 8.000000E-06, gamma 1.621326E+00, time 1.050ms
[INFO   ] DREAMPlace - full step 10.314 ms
[INFO   ] DREAMPlace - optimizer step 4.276 ms
[INFO   ] DREAMPlace - iteration   89, (  11,  1,  1), Obj 9.727471E+02, NetCrossing 1.040E+02, NetCrossingWeight 0.000000E+00, DensityWeight 9.878827E-05, HPWL 1.093341E+03, Overflow 2.668631E-01, MaxDensity 4.981E+00, MacroOverlap 7.949E+01, MacroOverlapWeight 8.000000E-06, gamma 1.621326E+00, time 1.071ms
[INFO   ] DREAMPlace - full step 5.965 ms
[INFO   ] DREAMPlace - optimizer step 8.532 ms
[INFO   ] DREAMPlace - iteration   90, (  11,  2,  0), Obj 9.702875E+02, NetCrossing 1.042E+02, NetCrossingWeight 0.000000E+00, DensityWeight 1.032619E-04, HPWL 1.082002E+03, Overflow 2.668333E-01, MaxDensity 4.874E+00, MacroOverlap 7.739E+01, MacroOverlapWeight 8.000000E-06, gamma 1.621326E+00, time 1.100ms
[INFO   ] DREAMPlace - full step 10.267 ms
[INFO   ] DREAMPlace - optimizer step 4.558 ms
[INFO   ] DREAMPlace - iteration   91, (  11,  2,  1), Obj 9.675578E+02, NetCrossing 1.043E+02, NetCrossingWeight 0.000000E+00, DensityWeight 1.032619E-04, HPWL 1.085654E+03, Overflow 2.664543E-01, MaxDensity 4.889E+00, MacroOverlap 7.770E+01, MacroOverlapWeight 8.000000E-06, gamma 1.621326E+00, time 1.109ms
[INFO   ] DREAMPlace - full step 6.315 ms
[INFO   ] DREAMPlace - optimizer step 8.172 ms
[INFO   ] DREAMPlace - iteration   92, (  11,  3,  0), Obj 9.675095E+02, NetCrossing 1.045E+02, NetCrossingWeight 0.000000E+00, DensityWeight 1.079274E-04, HPWL 1.085657E+03, Overflow 2.664128E-01, MaxDensity 4.768E+00, MacroOverlap 7.554E+01, MacroOverlapWeight 8.000000E-06, gamma 1.621326E+00, time 1.142ms
[INFO   ] DREAMPlace - full step 9.942 ms
[INFO   ] DREAMPlace - optimizer step 4.150 ms
[INFO   ] DREAMPlace - iteration   93, (  11,  3,  1), Obj 9.635766E+02, NetCrossing 1.046E+02, NetCrossingWeight 0.000000E+00, DensityWeight 1.079274E-04, HPWL 1.082921E+03, Overflow 2.660214E-01, MaxDensity 4.787E+00, MacroOverlap 7.589E+01, MacroOverlapWeight 8.000000E-06, gamma 1.621326E+00, time 1.072ms
[INFO   ] DREAMPlace - full step 5.830 ms
[INFO   ] DREAMPlace - optimizer step 8.118 ms
[INFO   ] DREAMPlace - iteration   94, (  11,  4,  0), Obj 9.625455E+02, NetCrossing 1.048E+02, NetCrossingWeight 0.000000E+00, DensityWeight 1.127924E-04, HPWL 1.078010E+03, Overflow 2.659721E-01, MaxDensity 4.686E+00, MacroOverlap 7.371E+01, MacroOverlapWeight 8.000000E-06, gamma 1.621326E+00, time 1.217ms
[INFO   ] DREAMPlace - full step 10.004 ms
[INFO   ] DREAMPlace - optimizer step 4.244 ms
[INFO   ] DREAMPlace - iteration   95, (  11,  4,  1), Obj 9.597735E+02, NetCrossing 1.049E+02, NetCrossingWeight 0.000000E+00, DensityWeight 1.127924E-04, HPWL 1.078768E+03, Overflow 2.655784E-01, MaxDensity 4.723E+00, MacroOverlap 7.403E+01, MacroOverlapWeight 8.000000E-06, gamma 1.621326E+00, time 1.072ms
[INFO   ] DREAMPlace - full step 5.951 ms
[INFO   ] DREAMPlace - optimizer step 8.104 ms
[INFO   ] DREAMPlace - iteration   96, (  11,  5,  0), Obj 9.601831E+02, NetCrossing 1.051E+02, NetCrossingWeight 0.000000E+00, DensityWeight 1.178648E-04, HPWL 1.080020E+03, Overflow 2.655287E-01, MaxDensity 4.620E+00, MacroOverlap 7.181E+01, MacroOverlapWeight 8.000000E-06, gamma 1.621326E+00, time 1.076ms
[INFO   ] DREAMPlace - full step 9.783 ms
[INFO   ] DREAMPlace - optimizer step 4.261 ms
[INFO   ] DREAMPlace - iteration   97, (  11,  5,  1), Obj 9.568019E+02, NetCrossing 1.051E+02, NetCrossingWeight 0.000000E+00, DensityWeight 1.178648E-04, HPWL 1.077078E+03, Overflow 2.651269E-01, MaxDensity 4.660E+00, MacroOverlap 7.216E+01, MacroOverlapWeight 8.000000E-06, gamma 1.621326E+00, time 1.049ms
[INFO   ] DREAMPlace - full step 5.912 ms
[INFO   ] DREAMPlace - optimizer step 9.729 ms
[INFO   ] DREAMPlace - iteration   98, (  11,  6,  0), Obj 9.564828E+02, NetCrossing 1.054E+02, NetCrossingWeight 0.000000E+00, DensityWeight 1.231531E-04, HPWL 1.075364E+03, Overflow 2.650625E-01, MaxDensity 4.558E+00, MacroOverlap 6.998E+01, MacroOverlapWeight 8.000000E-06, gamma 1.621326E+00, time 1.181ms
[INFO   ] DREAMPlace - full step 11.541 ms
[INFO   ] DREAMPlace - optimizer step 4.402 ms
[INFO   ] DREAMPlace - iteration   99, (  11,  6,  1), Obj 9.540781E+02, NetCrossing 1.054E+02, NetCrossingWeight 0.000000E+00, DensityWeight 1.231531E-04, HPWL 1.074897E+03, Overflow 2.646443E-01, MaxDensity 4.599E+00, MacroOverlap 7.030E+01, MacroOverlapWeight 8.000000E-06, gamma 1.621326E+00, time 1.142ms
[INFO   ] DREAMPlace - full step 6.235 ms
[INFO   ] DREAMPlace - optimizer step 8.920 ms
[INFO   ] DREAMPlace - iteration  100, (  11,  7,  0), Obj 9.547286E+02, NetCrossing 1.057E+02, NetCrossingWeight 0.000000E+00, DensityWeight 1.286658E-04, HPWL 1.077214E+03, Overflow 2.645852E-01, MaxDensity 4.528E+00, MacroOverlap 6.813E+01, MacroOverlapWeight 8.000000E-06, gamma 1.621326E+00, time 1.204ms
[INFO   ] DREAMPlace - full step 10.823 ms
[INFO   ] DREAMPlace - optimizer step 4.092 ms
[INFO   ] DREAMPlace - iteration  101, (  11,  7,  1), Obj 9.520640E+02, NetCrossing 1.056E+02, NetCrossingWeight 0.000000E+00, DensityWeight 1.286658E-04, HPWL 1.074550E+03, Overflow 2.641554E-01, MaxDensity 4.541E+00, MacroOverlap 6.848E+01, MacroOverlapWeight 8.000000E-06, gamma 1.621326E+00, time 1.087ms
[INFO   ] DREAMPlace - full step 5.788 ms
[INFO   ] DREAMPlace - optimizer step 9.358 ms
[INFO   ] DREAMPlace - iteration  102, (  11,  8,  0), Obj 9.522024E+02, NetCrossing 1.059E+02, NetCrossingWeight 0.000000E+00, DensityWeight 1.344118E-04, HPWL 1.075218E+03, Overflow 2.641084E-01, MaxDensity 4.513E+00, MacroOverlap 6.635E+01, MacroOverlapWeight 8.000000E-06, gamma 1.621326E+00, time 1.042ms
[INFO   ] DREAMPlace - full step 11.015 ms
[INFO   ] DREAMPlace - optimizer step 4.404 ms
[INFO   ] DREAMPlace - iteration  103, (  11,  8,  1), Obj 9.503141E+02, NetCrossing 1.059E+02, NetCrossingWeight 0.000000E+00, DensityWeight 1.344118E-04, HPWL 1.075342E+03, Overflow 2.636760E-01, MaxDensity 4.503E+00, MacroOverlap 6.669E+01, MacroOverlapWeight 8.000000E-06, gamma 1.621326E+00, time 1.204ms
[INFO   ] DREAMPlace - full step 6.316 ms
[INFO   ] DREAMPlace - Llambda stopping criteria: 8 and (( 0.263676 < 0.1 and 1075.34 > 1074.55 ) or 4.50299 < 1.0)
[INFO   ] DREAMPlace - optimizer step 9.186 ms
[INFO   ] DREAMPlace - iteration  104, (  12,  0,  0), Obj 9.510534E+02, NetCrossing 1.061E+02, NetCrossingWeight 0.000000E+00, DensityWeight 1.411324E-04, HPWL 1.078258E+03, Overflow 2.636561E-01, MaxDensity 4.488E+00, MacroOverlap 6.459E+01, MacroOverlapWeight 8.000000E-06, gamma 1.588537E+00, time 1.132ms
[INFO   ] DREAMPlace - full step 11.069 ms
[INFO   ] DREAMPlace - optimizer step 4.352 ms
[INFO   ] DREAMPlace - iteration  105, (  12,  0,  1), Obj 9.487292E+02, NetCrossing 1.061E+02, NetCrossingWeight 0.000000E+00, DensityWeight 1.411324E-04, HPWL 1.073752E+03, Overflow 2.633312E-01, MaxDensity 4.478E+00, MacroOverlap 6.493E+01, MacroOverlapWeight 8.000000E-06, gamma 1.588537E+00, time 1.094ms
[INFO   ] DREAMPlace - full step 6.093 ms
[INFO   ] DREAMPlace - optimizer step 75.860 ms
[INFO   ] DREAMPlace - iteration  106, (  12,  1,  0), Obj 9.503765E+02, NetCrossing 1.064E+02, NetCrossingWeight 0.000000E+00, DensityWeight 1.474056E-04, HPWL 1.079859E+03, Overflow 2.632825E-01, MaxDensity 4.463E+00, MacroOverlap 6.287E+01, MacroOverlapWeight 8.000000E-06, gamma 1.588537E+00, time 1.066ms
[INFO   ] DREAMPlace - full step 77.550 ms
[INFO   ] DREAMPlace - optimizer step 4.215 ms
[INFO   ] DREAMPlace - iteration  107, (  12,  1,  1), Obj 9.485585E+02, NetCrossing 1.063E+02, NetCrossingWeight 0.000000E+00, DensityWeight 1.474056E-04, HPWL 1.079349E+03, Overflow 2.630562E-01, MaxDensity 4.454E+00, MacroOverlap 6.325E+01, MacroOverlapWeight 8.000000E-06, gamma 1.588537E+00, time 1.095ms
[INFO   ] DREAMPlace - full step 5.909 ms
[INFO   ] DREAMPlace - Llambda stopping criteria: 1 and (( 0.263056 < 0.1 and 1079.35 > 1073.75 ) or 4.45358 < 1.0)
[INFO   ] DREAMPlace - optimizer step 9.052 ms
[INFO   ] DREAMPlace - iteration  108, (  13,  0,  0), Obj 9.487175E+02, NetCrossing 1.066E+02, NetCrossingWeight 0.000000E+00, DensityWeight 1.547758E-04, HPWL 1.079937E+03, Overflow 2.629566E-01, MaxDensity 4.439E+00, MacroOverlap 6.120E+01, MacroOverlapWeight 8.000000E-06, gamma 1.583506E+00, time 1.030ms
[INFO   ] DREAMPlace - full step 10.697 ms
[INFO   ] DREAMPlace - optimizer step 4.527 ms
[INFO   ] DREAMPlace - iteration  109, (  13,  0,  1), Obj 9.478600E+02, NetCrossing 1.065E+02, NetCrossingWeight 0.000000E+00, DensityWeight 1.547758E-04, HPWL 1.082287E+03, Overflow 2.628011E-01, MaxDensity 4.429E+00, MacroOverlap 6.159E+01, MacroOverlapWeight 8.000000E-06, gamma 1.583506E+00, time 1.095ms
[INFO   ] DREAMPlace - full step 6.330 ms
[INFO   ] DREAMPlace - Lsub stopping criteria: 1 and 947.86 > 948.718 * 0.999
[INFO   ] DREAMPlace - optimizer step 9.089 ms
[INFO   ] DREAMPlace - iteration  110, (  13,  1,  0), Obj 9.489015E+02, NetCrossing 1.068E+02, NetCrossingWeight 0.000000E+00, DensityWeight 1.625145E-04, HPWL 1.086060E+03, Overflow 2.626911E-01, MaxDensity 4.399E+00, MacroOverlap 5.955E+01, MacroOverlapWeight 8.000000E-06, gamma 1.583506E+00, time 1.183ms
[INFO   ] DREAMPlace - full step 10.878 ms
[INFO   ] DREAMPlace - optimizer step 4.521 ms
[INFO   ] DREAMPlace - iteration  111, (  13,  1,  1), Obj 9.478070E+02, NetCrossing 1.067E+02, NetCrossingWeight 0.000000E+00, DensityWeight 1.625145E-04, HPWL 1.087617E+03, Overflow 2.625507E-01, MaxDensity 4.373E+00, MacroOverlap 5.999E+01, MacroOverlapWeight 8.000000E-06, gamma 1.583506E+00, time 1.166ms
[INFO   ] DREAMPlace - full step 6.320 ms
[INFO   ] DREAMPlace - Llambda stopping criteria: 1 and (( 0.262551 < 0.1 and 1087.62 > 1082.29 ) or 4.37325 < 1.0)
[INFO   ] DREAMPlace - optimizer step 5.011 ms
[INFO   ] DREAMPlace - iteration  112, (  14,  0,  0), Obj 9.478583E+02, NetCrossing 1.070E+02, NetCrossingWeight 0.000000E+00, DensityWeight 1.706401E-04, HPWL 1.087951E+03, Overflow 2.624423E-01, MaxDensity 4.343E+00, MacroOverlap 5.796E+01, MacroOverlapWeight 8.000000E-06, gamma 1.579416E+00, time 1.130ms
[INFO   ] DREAMPlace - full step 6.790 ms
[INFO   ] DREAMPlace - optimizer step 4.911 ms
[INFO   ] DREAMPlace - iteration  113, (  14,  0,  1), Obj 9.535588E+02, NetCrossing 1.068E+02, NetCrossingWeight 0.000000E+00, DensityWeight 1.706401E-04, HPWL 1.109766E+03, Overflow 2.623572E-01, MaxDensity 4.319E+00, MacroOverlap 5.850E+01, MacroOverlapWeight 8.000000E-06, gamma 1.579416E+00, time 1.223ms
[INFO   ] DREAMPlace - full step 6.835 ms
[INFO   ] DREAMPlace - Lsub stopping criteria: 1 and 953.559 > 947.858 * 0.999
[INFO   ] DREAMPlace - optimizer step 4.437 ms
[INFO   ] DREAMPlace - iteration  114, (  14,  1,  0), Obj 9.527112E+02, NetCrossing 1.071E+02, NetCrossingWeight 0.000000E+00, DensityWeight 1.791715E-04, HPWL 1.107720E+03, Overflow 2.621146E-01, MaxDensity 4.297E+00, MacroOverlap 5.637E+01, MacroOverlapWeight 8.000000E-06, gamma 1.579416E+00, time 1.154ms
[INFO   ] DREAMPlace - full step 6.210 ms
[INFO   ] DREAMPlace - optimizer step 4.261 ms
[INFO   ] DREAMPlace - iteration  115, (  14,  1,  1), Obj 9.510648E+02, NetCrossing 1.070E+02, NetCrossingWeight 0.000000E+00, DensityWeight 1.791715E-04, HPWL 1.105741E+03, Overflow 2.620464E-01, MaxDensity 4.288E+00, MacroOverlap 5.696E+01, MacroOverlapWeight 8.000000E-06, gamma 1.579416E+00, time 1.098ms
[INFO   ] DREAMPlace - full step 5.921 ms
[INFO   ] DREAMPlace - optimizer step 4.251 ms
[INFO   ] DREAMPlace - iteration  116, (  14,  2,  0), Obj 9.485396E+02, NetCrossing 1.073E+02, NetCrossingWeight 0.000000E+00, DensityWeight 1.870421E-04, HPWL 1.098996E+03, Overflow 2.617530E-01, MaxDensity 4.276E+00, MacroOverlap 5.495E+01, MacroOverlapWeight 8.000000E-06, gamma 1.579416E+00, time 1.157ms
[INFO   ] DREAMPlace - full step 5.955 ms
[INFO   ] DREAMPlace - optimizer step 4.239 ms
[INFO   ] DREAMPlace - iteration  117, (  14,  2,  1), Obj 9.511492E+02, NetCrossing 1.071E+02, NetCrossingWeight 0.000000E+00, DensityWeight 1.870421E-04, HPWL 1.108421E+03, Overflow 2.616926E-01, MaxDensity 4.264E+00, MacroOverlap 5.551E+01, MacroOverlapWeight 8.000000E-06, gamma 1.579416E+00, time 1.042ms
[INFO   ] DREAMPlace - full step 5.860 ms
[INFO   ] DREAMPlace - Lsub stopping criteria: 1 and 951.149 > 948.54 * 0.999
[INFO   ] DREAMPlace - Llambda stopping criteria: 2 and (( 0.261693 < 0.1 and 1108.42 > 1105.74 ) or 4.26353 < 1.0)
[INFO   ] DREAMPlace - optimizer step 4.731 ms
[INFO   ] DREAMPlace - iteration  118, (  15,  0,  0), Obj 9.530319E+02, NetCrossing 1.075E+02, NetCrossingWeight 0.000000E+00, DensityWeight 1.963941E-04, HPWL 1.115014E+03, Overflow 2.615042E-01, MaxDensity 4.249E+00, MacroOverlap 5.351E+01, MacroOverlapWeight 8.000000E-06, gamma 1.572496E+00, time 1.276ms
[INFO   ] DREAMPlace - full step 6.576 ms
[INFO   ] DREAMPlace - optimizer step 4.595 ms
[INFO   ] DREAMPlace - iteration  119, (  15,  0,  1), Obj 9.544685E+02, NetCrossing 1.072E+02, NetCrossingWeight 0.000000E+00, DensityWeight 1.963941E-04, HPWL 1.119640E+03, Overflow 2.613818E-01, MaxDensity 4.234E+00, MacroOverlap 5.416E+01, MacroOverlapWeight 8.000000E-06, gamma 1.572496E+00, time 1.128ms
[INFO   ] DREAMPlace - full step 6.321 ms
[INFO   ] DREAMPlace - Lsub stopping criteria: 1 and 954.469 > 953.032 * 0.999
[INFO   ] DREAMPlace - optimizer step 4.192 ms
[INFO   ] DREAMPlace - iteration  120, (  15,  1,  0), Obj 9.536146E+02, NetCrossing 1.076E+02, NetCrossingWeight 0.000000E+00, DensityWeight 2.062135E-04, HPWL 1.119119E+03, Overflow 2.612720E-01, MaxDensity 4.217E+00, MacroOverlap 5.218E+01, MacroOverlapWeight 8.000000E-06, gamma 1.572496E+00, time 1.063ms
[INFO   ] DREAMPlace - full step 5.819 ms
[INFO   ] DREAMPlace - optimizer step 4.541 ms
[INFO   ] DREAMPlace - iteration  121, (  15,  1,  1), Obj 9.540673E+02, NetCrossing 1.073E+02, NetCrossingWeight 0.000000E+00, DensityWeight 2.062135E-04, HPWL 1.121011E+03, Overflow 2.610543E-01, MaxDensity 4.199E+00, MacroOverlap 5.284E+01, MacroOverlapWeight 8.000000E-06, gamma 1.572496E+00, time 1.109ms
[INFO   ] DREAMPlace - full step 6.274 ms
[INFO   ] DREAMPlace - Lsub stopping criteria: 1 and 954.067 > 953.615 * 0.999
[INFO   ] DREAMPlace - Llambda stopping criteria: 1 and (( 0.261054 < 0.1 and 1121.01 > 1119.64 ) or 4.19851 < 1.0)
[INFO   ] DREAMPlace - optimizer step 5.593 ms
[INFO   ] DREAMPlace - iteration  122, (  16,  0,  0), Obj 9.556929E+02, NetCrossing 1.077E+02, NetCrossingWeight 0.000000E+00, DensityWeight 2.165241E-04, HPWL 1.127261E+03, Overflow 2.609240E-01, MaxDensity 4.179E+00, MacroOverlap 5.092E+01, MacroOverlapWeight 8.000000E-06, gamma 1.567369E+00, time 1.381ms
[INFO   ] DREAMPlace - full step 7.876 ms
[INFO   ] DREAMPlace - optimizer step 5.222 ms
[INFO   ] DREAMPlace - iteration  123, (  16,  0,  1), Obj 9.578349E+02, NetCrossing 1.074E+02, NetCrossingWeight 0.000000E+00, DensityWeight 2.165241E-04, HPWL 1.132055E+03, Overflow 2.607148E-01, MaxDensity 4.159E+00, MacroOverlap 5.163E+01, MacroOverlapWeight 8.000000E-06, gamma 1.567369E+00, time 1.720ms
[INFO   ] DREAMPlace - full step 7.854 ms
[INFO   ] DREAMPlace - Lsub stopping criteria: 1 and 957.835 > 955.693 * 0.999
[INFO   ] DREAMPlace - optimizer step 5.039 ms
[INFO   ] DREAMPlace - iteration  124, (  16,  1,  0), Obj 9.600688E+02, NetCrossing 1.078E+02, NetCrossingWeight 0.000000E+00, DensityWeight 2.273499E-04, HPWL 1.139783E+03, Overflow 2.605886E-01, MaxDensity 4.139E+00, MacroOverlap 4.973E+01, MacroOverlapWeight 8.000000E-06, gamma 1.567369E+00, time 1.118ms
[INFO   ] DREAMPlace - full step 39.667 ms
[INFO   ] DREAMPlace - optimizer step 4.269 ms
[INFO   ] DREAMPlace - iteration  125, (  16,  1,  1), Obj 9.601989E+02, NetCrossing 1.075E+02, NetCrossingWeight 0.000000E+00, DensityWeight 2.273499E-04, HPWL 1.139328E+03, Overflow 2.603832E-01, MaxDensity 4.113E+00, MacroOverlap 5.049E+01, MacroOverlapWeight 8.000000E-06, gamma 1.567369E+00, time 1.199ms
[INFO   ] DREAMPlace - full step 6.156 ms
[INFO   ] DREAMPlace - Lsub stopping criteria: 1 and 960.199 > 960.069 * 0.999
[INFO   ] DREAMPlace - Llambda stopping criteria: 1 and (( 0.260383 < 0.1 and 1139.33 > 1132.05 ) or 4.11259 < 1.0)
[INFO   ] DREAMPlace - optimizer step 5.003 ms
[INFO   ] DREAMPlace - iteration  126, (  17,  0,  0), Obj 9.622761E+02, NetCrossing 1.078E+02, NetCrossingWeight 0.000000E+00, DensityWeight 2.387172E-04, HPWL 1.146857E+03, Overflow 2.602652E-01, MaxDensity 4.086E+00, MacroOverlap 4.863E+01, MacroOverlapWeight 8.000000E-06, gamma 1.561996E+00, time 1.208ms
[INFO   ] DREAMPlace - full step 6.854 ms
[INFO   ] DREAMPlace - optimizer step 4.152 ms
[INFO   ] DREAMPlace - iteration  127, (  17,  0,  1), Obj 9.635599E+02, NetCrossing 1.075E+02, NetCrossingWeight 0.000000E+00, DensityWeight 2.387172E-04, HPWL 1.148113E+03, Overflow 2.600636E-01, MaxDensity 4.059E+00, MacroOverlap 4.944E+01, MacroOverlapWeight 8.000000E-06, gamma 1.561996E+00, time 1.074ms
[INFO   ] DREAMPlace - full step 5.883 ms
[INFO   ] DREAMPlace - Lsub stopping criteria: 1 and 963.56 > 962.276 * 0.999
[INFO   ] DREAMPlace - optimizer step 4.380 ms
[INFO   ] DREAMPlace - iteration  128, (  17,  1,  0), Obj 9.682171E+02, NetCrossing 1.079E+02, NetCrossingWeight 0.000000E+00, DensityWeight 2.506527E-04, HPWL 1.161217E+03, Overflow 2.599546E-01, MaxDensity 4.033E+00, MacroOverlap 4.759E+01, MacroOverlapWeight 8.000000E-06, gamma 1.561996E+00, time 1.179ms
[INFO   ] DREAMPlace - full step 24.423 ms
[INFO   ] DREAMPlace - optimizer step 4.779 ms
[INFO   ] DREAMPlace - iteration  129, (  17,  1,  1), Obj 9.683912E+02, NetCrossing 1.075E+02, NetCrossingWeight 0.000000E+00, DensityWeight 2.506527E-04, HPWL 1.160189E+03, Overflow 2.597558E-01, MaxDensity 4.006E+00, MacroOverlap 4.846E+01, MacroOverlapWeight 8.000000E-06, gamma 1.561996E+00, time 1.216ms
[INFO   ] DREAMPlace - full step 6.746 ms
[INFO   ] DREAMPlace - Lsub stopping criteria: 1 and 968.391 > 968.217 * 0.999
[INFO   ] DREAMPlace - Llambda stopping criteria: 1 and (( 0.259756 < 0.1 and 1160.19 > 1148.11 ) or 4.00591 < 1.0)
[INFO   ] DREAMPlace - optimizer step 4.725 ms
[INFO   ] DREAMPlace - iteration  130, (  18,  0,  0), Obj 9.720945E+02, NetCrossing 1.079E+02, NetCrossingWeight 0.000000E+00, DensityWeight 2.631849E-04, HPWL 1.171032E+03, Overflow 2.596550E-01, MaxDensity 3.980E+00, MacroOverlap 4.663E+01, MacroOverlapWeight 8.000000E-06, gamma 1.556989E+00, time 1.225ms
[INFO   ] DREAMPlace - full step 6.613 ms
[INFO   ] DREAMPlace - optimizer step 4.161 ms
[INFO   ] DREAMPlace - iteration  131, (  18,  0,  1), Obj 9.724418E+02, NetCrossing 1.075E+02, NetCrossingWeight 0.000000E+00, DensityWeight 2.631849E-04, HPWL 1.169728E+03, Overflow 2.594588E-01, MaxDensity 3.995E+00, MacroOverlap 4.755E+01, MacroOverlapWeight 8.000000E-06, gamma 1.556989E+00, time 1.215ms
[INFO   ] DREAMPlace - full step 6.331 ms
[INFO   ] DREAMPlace - Lsub stopping criteria: 1 and 972.442 > 972.094 * 0.999
[INFO   ] DREAMPlace - optimizer step 4.340 ms
[INFO   ] DREAMPlace - iteration  132, (  18,  1,  0), Obj 9.791671E+02, NetCrossing 1.080E+02, NetCrossingWeight 0.000000E+00, DensityWeight 2.763437E-04, HPWL 1.186045E+03, Overflow 2.593663E-01, MaxDensity 3.927E+00, MacroOverlap 4.573E+01, MacroOverlapWeight 8.000000E-06, gamma 1.556989E+00, time 1.146ms
[INFO   ] DREAMPlace - full step 6.083 ms
[INFO   ] DREAMPlace - optimizer step 4.104 ms
[INFO   ] DREAMPlace - iteration  133, (  18,  1,  1), Obj 9.791182E+02, NetCrossing 1.075E+02, NetCrossingWeight 0.000000E+00, DensityWeight 2.763437E-04, HPWL 1.184466E+03, Overflow 2.591714E-01, MaxDensity 3.991E+00, MacroOverlap 4.672E+01, MacroOverlapWeight 8.000000E-06, gamma 1.556989E+00, time 1.070ms
[INFO   ] DREAMPlace - full step 5.820 ms
[INFO   ] DREAMPlace - Lsub stopping criteria: 1 and 979.118 > 979.167 * 0.999
[INFO   ] DREAMPlace - Llambda stopping criteria: 1 and (( 0.259171 < 0.1 and 1184.47 > 1169.73 ) or 3.99069 < 1.0)
[INFO   ] DREAMPlace - optimizer step 4.625 ms
[INFO   ] DREAMPlace - iteration  134, (  19,  0,  0), Obj 9.851711E+02, NetCrossing 1.080E+02, NetCrossingWeight 0.000000E+00, DensityWeight 2.901603E-04, HPWL 1.198716E+03, Overflow 2.590864E-01, MaxDensity 3.876E+00, MacroOverlap 4.490E+01, MacroOverlapWeight 8.000000E-06, gamma 1.552340E+00, time 1.366ms
[INFO   ] DREAMPlace - full step 6.650 ms
[INFO   ] DREAMPlace - optimizer step 4.409 ms
[INFO   ] DREAMPlace - iteration  135, (  19,  0,  1), Obj 9.850745E+02, NetCrossing 1.075E+02, NetCrossingWeight 0.000000E+00, DensityWeight 2.901603E-04, HPWL 1.196539E+03, Overflow 2.588922E-01, MaxDensity 3.964E+00, MacroOverlap 4.593E+01, MacroOverlapWeight 8.000000E-06, gamma 1.552340E+00, time 1.033ms
[INFO   ] DREAMPlace - full step 6.041 ms
[INFO   ] DREAMPlace - Lsub stopping criteria: 1 and 985.074 > 985.171 * 0.999
[INFO   ] DREAMPlace - optimizer step 4.083 ms
[INFO   ] DREAMPlace - iteration  136, (  19,  1,  0), Obj 9.942059E+02, NetCrossing 1.079E+02, NetCrossingWeight 0.000000E+00, DensityWeight 3.046678E-04, HPWL 1.215153E+03, Overflow 2.588143E-01, MaxDensity 3.825E+00, MacroOverlap 4.411E+01, MacroOverlapWeight 8.000000E-06, gamma 1.552340E+00, time 1.075ms
[INFO   ] DREAMPlace - full step 5.735 ms
[INFO   ] DREAMPlace - optimizer step 4.038 ms
[INFO   ] DREAMPlace - iteration  137, (  19,  1,  1), Obj 9.939070E+02, NetCrossing 1.074E+02, NetCrossingWeight 0.000000E+00, DensityWeight 3.046678E-04, HPWL 1.213314E+03, Overflow 2.586192E-01, MaxDensity 3.938E+00, MacroOverlap 4.519E+01, MacroOverlapWeight 8.000000E-06, gamma 1.552340E+00, time 1.056ms
[INFO   ] DREAMPlace - full step 5.645 ms
[INFO   ] DREAMPlace - Lsub stopping criteria: 1 and 993.907 > 994.206 * 0.999
[INFO   ] DREAMPlace - Llambda stopping criteria: 1 and (( 0.258619 < 0.1 and 1213.31 > 1196.54 ) or 3.93755 < 1.0)
[INFO   ] DREAMPlace - optimizer step 4.949 ms
[INFO   ] DREAMPlace - iteration  138, (  20,  0,  0), Obj 1.002701E+03, NetCrossing 1.079E+02, NetCrossingWeight 0.000000E+00, DensityWeight 3.199004E-04, HPWL 1.229907E+03, Overflow 2.585470E-01, MaxDensity 3.774E+00, MacroOverlap 4.335E+01, MacroOverlapWeight 8.000000E-06, gamma 1.547960E+00, time 1.031ms
[INFO   ] DREAMPlace - full step 6.532 ms
[INFO   ] DREAMPlace - optimizer step 4.288 ms
[INFO   ] DREAMPlace - iteration  139, (  20,  0,  1), Obj 1.002807E+03, NetCrossing 1.074E+02, NetCrossingWeight 0.000000E+00, DensityWeight 3.199004E-04, HPWL 1.228429E+03, Overflow 2.583547E-01, MaxDensity 3.911E+00, MacroOverlap 4.449E+01, MacroOverlapWeight 8.000000E-06, gamma 1.547960E+00, time 1.220ms
[INFO   ] DREAMPlace - full step 6.130 ms
[INFO   ] DREAMPlace - Lsub stopping criteria: 1 and 1002.81 > 1002.7 * 0.999
[INFO   ] DREAMPlace - optimizer step 4.193 ms
[INFO   ] DREAMPlace - iteration  140, (  20,  1,  0), Obj 1.014839E+03, NetCrossing 1.079E+02, NetCrossingWeight 0.000000E+00, DensityWeight 3.358948E-04, HPWL 1.249235E+03, Overflow 2.582980E-01, MaxDensity 3.724E+00, MacroOverlap 4.262E+01, MacroOverlapWeight 8.000000E-06, gamma 1.547960E+00, time 1.054ms
[INFO   ] DREAMPlace - full step 5.838 ms
[INFO   ] DREAMPlace - optimizer step 4.258 ms
[INFO   ] DREAMPlace - iteration  141, (  20,  1,  1), Obj 1.014653E+03, NetCrossing 1.073E+02, NetCrossingWeight 0.000000E+00, DensityWeight 3.358948E-04, HPWL 1.247769E+03, Overflow 2.581113E-01, MaxDensity 3.885E+00, MacroOverlap 4.381E+01, MacroOverlapWeight 8.000000E-06, gamma 1.547960E+00, time 1.010ms
[INFO   ] DREAMPlace - full step 5.898 ms
[INFO   ] DREAMPlace - Lsub stopping criteria: 1 and 1014.65 > 1014.84 * 0.999
[INFO   ] DREAMPlace - Llambda stopping criteria: 1 and (( 0.258111 < 0.1 and 1247.77 > 1228.43 ) or 3.88471 < 1.0)
[INFO   ] DREAMPlace - optimizer step 5.129 ms
[INFO   ] DREAMPlace - iteration  142, (  21,  0,  0), Obj 1.026425E+03, NetCrossing 1.079E+02, NetCrossingWeight 0.000000E+00, DensityWeight 3.526885E-04, HPWL 1.267519E+03, Overflow 2.580725E-01, MaxDensity 3.683E+00, MacroOverlap 4.191E+01, MacroOverlapWeight 8.000000E-06, gamma 1.543943E+00, time 1.226ms
[INFO   ] DREAMPlace - full step 7.212 ms
[INFO   ] DREAMPlace - optimizer step 5.208 ms
[INFO   ] DREAMPlace - iteration  143, (  21,  0,  1), Obj 1.027271E+03, NetCrossing 1.073E+02, NetCrossingWeight 0.000000E+00, DensityWeight 3.526885E-04, HPWL 1.267124E+03, Overflow 2.577929E-01, MaxDensity 3.858E+00, MacroOverlap 4.314E+01, MacroOverlapWeight 8.000000E-06, gamma 1.543943E+00, time 1.094ms
[INFO   ] DREAMPlace - full step 6.934 ms
[INFO   ] DREAMPlace - Lsub stopping criteria: 1 and 1027.27 > 1026.42 * 0.999
[INFO   ] DREAMPlace - optimizer step 4.213 ms
[INFO   ] DREAMPlace - iteration  144, (  21,  1,  0), Obj 1.042516E+03, NetCrossing 1.079E+02, NetCrossingWeight 0.000000E+00, DensityWeight 3.703219E-04, HPWL 1.290554E+03, Overflow 2.578436E-01, MaxDensity 3.665E+00, MacroOverlap 4.121E+01, MacroOverlapWeight 8.000000E-06, gamma 1.543943E+00, time 1.165ms
[INFO   ] DREAMPlace - full step 5.975 ms
[INFO   ] DREAMPlace - optimizer step 4.157 ms
[INFO   ] DREAMPlace - iteration  145, (  21,  1,  1), Obj 1.042897E+03, NetCrossing 1.072E+02, NetCrossingWeight 0.000000E+00, DensityWeight 3.703219E-04, HPWL 1.290253E+03, Overflow 2.574675E-01, MaxDensity 3.832E+00, MacroOverlap 4.249E+01, MacroOverlapWeight 8.000000E-06, gamma 1.543943E+00, time 1.167ms
[INFO   ] DREAMPlace - full step 5.899 ms
[INFO   ] DREAMPlace - Lsub stopping criteria: 1 and 1042.9 > 1042.52 * 0.999
[INFO   ] DREAMPlace - Llambda stopping criteria: 1 and (( 0.257468 < 0.1 and 1290.25 > 1267.12 ) or 3.8318 < 1.0)
[INFO   ] DREAMPlace - optimizer step 4.285 ms
[INFO   ] DREAMPlace - iteration  146, (  22,  0,  0), Obj 1.058105E+03, NetCrossing 1.079E+02, NetCrossingWeight 0.000000E+00, DensityWeight 3.888368E-04, HPWL 1.312725E+03, Overflow 2.575802E-01, MaxDensity 3.648E+00, MacroOverlap 4.052E+01, MacroOverlapWeight 8.000000E-06, gamma 1.538865E+00, time 1.041ms
[INFO   ] DREAMPlace - full step 5.890 ms
[INFO   ] DREAMPlace - optimizer step 4.119 ms
[INFO   ] DREAMPlace - iteration  147, (  22,  0,  1), Obj 1.060277E+03, NetCrossing 1.072E+02, NetCrossingWeight 0.000000E+00, DensityWeight 3.888368E-04, HPWL 1.314047E+03, Overflow 2.571358E-01, MaxDensity 3.805E+00, MacroOverlap 4.184E+01, MacroOverlapWeight 8.000000E-06, gamma 1.538865E+00, time 1.124ms
[INFO   ] DREAMPlace - full step 5.871 ms
[INFO   ] DREAMPlace - Lsub stopping criteria: 1 and 1060.28 > 1058.11 * 0.999
[INFO   ] DREAMPlace - optimizer step 4.236 ms
[INFO   ] DREAMPlace - iteration  148, (  22,  1,  0), Obj 1.079495E+03, NetCrossing 1.079E+02, NetCrossingWeight 0.000000E+00, DensityWeight 4.082772E-04, HPWL 1.340759E+03, Overflow 2.573100E-01, MaxDensity 3.629E+00, MacroOverlap 3.984E+01, MacroOverlapWeight 8.000000E-06, gamma 1.538865E+00, time 1.054ms
[INFO   ] DREAMPlace - full step 5.840 ms
[INFO   ] DREAMPlace - optimizer step 4.441 ms
[INFO   ] DREAMPlace - iteration  149, (  22,  1,  1), Obj 1.080737E+03, NetCrossing 1.071E+02, NetCrossingWeight 0.000000E+00, DensityWeight 4.082772E-04, HPWL 1.341546E+03, Overflow 2.567691E-01, MaxDensity 3.778E+00, MacroOverlap 4.122E+01, MacroOverlapWeight 8.000000E-06, gamma 1.538865E+00, time 1.254ms
[INFO   ] DREAMPlace - full step 6.561 ms
[INFO   ] DREAMPlace - Lsub stopping criteria: 1 and 1080.74 > 1079.5 * 0.999
[INFO   ] DREAMPlace - Llambda stopping criteria: 1 and (( 0.256769 < 0.1 and 1341.55 > 1314.05 ) or 3.77836 < 1.0)
[INFO   ] DREAMPlace - optimizer step 4.321 ms
[INFO   ] DREAMPlace - iteration  150, (  23,  0,  0), Obj 1.100104E+03, NetCrossing 1.079E+02, NetCrossingWeight 0.000000E+00, DensityWeight 4.286894E-04, HPWL 1.367287E+03, Overflow 2.570316E-01, MaxDensity 3.609E+00, MacroOverlap 3.917E+01, MacroOverlapWeight 8.000000E-06, gamma 1.533376E+00, time 1.165ms
[INFO   ] DREAMPlace - full step 6.123 ms
[INFO   ] DREAMPlace - optimizer step 4.932 ms
[INFO   ] DREAMPlace - iteration  151, (  23,  0,  1), Obj 1.104183E+03, NetCrossing 1.071E+02, NetCrossingWeight 0.000000E+00, DensityWeight 4.286894E-04, HPWL 1.370441E+03, Overflow 2.563863E-01, MaxDensity 3.751E+00, MacroOverlap 4.060E+01, MacroOverlapWeight 8.000000E-06, gamma 1.533376E+00, time 1.223ms
[INFO   ] DREAMPlace - full step 6.798 ms
[INFO   ] DREAMPlace - Lsub stopping criteria: 1 and 1104.18 > 1100.1 * 0.999
[INFO   ] DREAMPlace - optimizer step 4.767 ms
[INFO   ] DREAMPlace - iteration  152, (  23,  1,  0), Obj 1.128261E+03, NetCrossing 1.080E+02, NetCrossingWeight 0.000000E+00, DensityWeight 4.501220E-04, HPWL 1.400970E+03, Overflow 2.567424E-01, MaxDensity 3.586E+00, MacroOverlap 3.851E+01, MacroOverlapWeight 8.000000E-06, gamma 1.533376E+00, time 1.492ms
[INFO   ] DREAMPlace - full step 6.899 ms
[INFO   ] DREAMPlace - optimizer step 4.205 ms
[INFO   ] DREAMPlace - iteration  153, (  23,  1,  1), Obj 1.130958E+03, NetCrossing 1.071E+02, NetCrossingWeight 0.000000E+00, DensityWeight 4.501220E-04, HPWL 1.403255E+03, Overflow 2.560246E-01, MaxDensity 3.724E+00, MacroOverlap 4.000E+01, MacroOverlapWeight 8.000000E-06, gamma 1.533376E+00, time 1.053ms
[INFO   ] DREAMPlace - full step 5.832 ms
[INFO   ] DREAMPlace - Lsub stopping criteria: 1 and 1130.96 > 1128.26 * 0.999
[INFO   ] DREAMPlace - Llambda stopping criteria: 1 and (( 0.256025 < 0.1 and 1403.26 > 1370.44 ) or 3.72391 < 1.0)
[INFO   ] DREAMPlace - optimizer step 4.122 ms
[INFO   ] DREAMPlace - iteration  154, (  24,  0,  0), Obj 1.155904E+03, NetCrossing 1.080E+02, NetCrossingWeight 0.000000E+00, DensityWeight 4.726260E-04, HPWL 1.433568E+03, Overflow 2.564595E-01, MaxDensity 3.561E+00, MacroOverlap 3.787E+01, MacroOverlapWeight 8.000000E-06, gamma 1.527545E+00, time 1.045ms
[INFO   ] DREAMPlace - full step 24.064 ms
[INFO   ] DREAMPlace - optimizer step 4.293 ms
[INFO   ] DREAMPlace - iteration  155, (  24,  0,  1), Obj 1.162329E+03, NetCrossing 1.070E+02, NetCrossingWeight 0.000000E+00, DensityWeight 4.726260E-04, HPWL 1.438834E+03, Overflow 2.557023E-01, MaxDensity 3.696E+00, MacroOverlap 3.942E+01, MacroOverlapWeight 8.000000E-06, gamma 1.527545E+00, time 1.158ms
[INFO   ] DREAMPlace - full step 6.171 ms
[INFO   ] DREAMPlace - Lsub stopping criteria: 1 and 1162.33 > 1155.9 * 0.999
[INFO   ] DREAMPlace - optimizer step 4.253 ms
[INFO   ] DREAMPlace - iteration  156, (  24,  1,  0), Obj 1.192707E+03, NetCrossing 1.080E+02, NetCrossingWeight 0.000000E+00, DensityWeight 4.962548E-04, HPWL 1.474381E+03, Overflow 2.561943E-01, MaxDensity 3.558E+00, MacroOverlap 3.723E+01, MacroOverlapWeight 8.000000E-06, gamma 1.527545E+00, time 1.076ms
[INFO   ] DREAMPlace - full step 5.907 ms
[INFO   ] DREAMPlace - optimizer step 4.289 ms
[INFO   ] DREAMPlace - iteration  157, (  24,  1,  1), Obj 1.197650E+03, NetCrossing 1.070E+02, NetCrossingWeight 0.000000E+00, DensityWeight 4.962548E-04, HPWL 1.478940E+03, Overflow 2.553457E-01, MaxDensity 3.687E+00, MacroOverlap 3.884E+01, MacroOverlapWeight 8.000000E-06, gamma 1.527545E+00, time 1.099ms
[INFO   ] DREAMPlace - full step 5.989 ms
[INFO   ] DREAMPlace - Lsub stopping criteria: 1 and 1197.65 > 1192.71 * 0.999
[INFO   ] DREAMPlace - Llambda stopping criteria: 1 and (( 0.255346 < 0.1 and 1478.94 > 1438.83 ) or 3.6872 < 1.0)
[INFO   ] DREAMPlace - optimizer step 4.595 ms
[INFO   ] DREAMPlace - iteration  158, (  25,  0,  0), Obj 1.230359E+03, NetCrossing 1.081E+02, NetCrossingWeight 0.000000E+00, DensityWeight 5.210646E-04, HPWL 1.515708E+03, Overflow 2.559390E-01, MaxDensity 3.564E+00, MacroOverlap 3.660E+01, MacroOverlapWeight 8.000000E-06, gamma 1.522248E+00, time 1.046ms
[INFO   ] DREAMPlace - full step 6.217 ms
[INFO   ] DREAMPlace - optimizer step 4.738 ms
[INFO   ] DREAMPlace - iteration  159, (  25,  0,  1), Obj 1.239494E+03, NetCrossing 1.070E+02, NetCrossingWeight 0.000000E+00, DensityWeight 5.210646E-04, HPWL 1.523449E+03, Overflow 2.549766E-01, MaxDensity 3.680E+00, MacroOverlap 3.827E+01, MacroOverlapWeight 8.000000E-06, gamma 1.522248E+00, time 1.121ms
[INFO   ] DREAMPlace - full step 27.591 ms
[INFO   ] DREAMPlace - Lsub stopping criteria: 1 and 1239.49 > 1230.36 * 0.999
[INFO   ] DREAMPlace - optimizer step 5.119 ms
[INFO   ] DREAMPlace - iteration  160, (  25,  1,  0), Obj 1.278627E+03, NetCrossing 1.082E+02, NetCrossingWeight 0.000000E+00, DensityWeight 5.471144E-04, HPWL 1.566160E+03, Overflow 2.556113E-01, MaxDensity 3.569E+00, MacroOverlap 3.596E+01, MacroOverlapWeight 8.000000E-06, gamma 1.522248E+00, time 1.470ms
[INFO   ] DREAMPlace - full step 7.293 ms
[INFO   ] DREAMPlace - optimizer step 5.068 ms
[INFO   ] DREAMPlace - iteration  161, (  25,  1,  1), Obj 1.286873E+03, NetCrossing 1.070E+02, NetCrossingWeight 0.000000E+00, DensityWeight 5.471144E-04, HPWL 1.573837E+03, Overflow 2.544986E-01, MaxDensity 3.673E+00, MacroOverlap 3.770E+01, MacroOverlapWeight 8.000000E-06, gamma 1.522248E+00, time 1.363ms
[INFO   ] DREAMPlace - full step 7.184 ms
[INFO   ] DREAMPlace - Lsub stopping criteria: 1 and 1286.87 > 1278.63 * 0.999
[INFO   ] DREAMPlace - Llambda stopping criteria: 1 and (( 0.254499 < 0.1 and 1573.84 > 1523.45 ) or 3.67272 < 1.0)
[INFO   ] DREAMPlace - optimizer step 5.222 ms
[INFO   ] DREAMPlace - iteration  162, (  26,  0,  0), Obj 1.330718E+03, NetCrossing 1.083E+02, NetCrossingWeight 0.000000E+00, DensityWeight 5.744660E-04, HPWL 1.619928E+03, Overflow 2.551866E-01, MaxDensity 3.574E+00, MacroOverlap 3.533E+01, MacroOverlapWeight 8.000000E-06, gamma 1.515664E+00, time 1.511ms
[INFO   ] DREAMPlace - full step 7.449 ms
[INFO   ] DREAMPlace - optimizer step 5.254 ms
[INFO   ] DREAMPlace - iteration  163, (  26,  0,  1), Obj 1.343155E+03, NetCrossing 1.070E+02, NetCrossingWeight 0.000000E+00, DensityWeight 5.744660E-04, HPWL 1.630173E+03, Overflow 2.539964E-01, MaxDensity 3.666E+00, MacroOverlap 3.714E+01, MacroOverlapWeight 8.000000E-06, gamma 1.515664E+00, time 1.442ms
[INFO   ] DREAMPlace - full step 21.266 ms
[INFO   ] DREAMPlace - Lsub stopping criteria: 1 and 1343.15 > 1330.72 * 0.999
[INFO   ] DREAMPlace - optimizer step 4.811 ms
[INFO   ] DREAMPlace - iteration  164, (  26,  1,  0), Obj 1.396394E+03, NetCrossing 1.084E+02, NetCrossingWeight 0.000000E+00, DensityWeight 6.031846E-04, HPWL 1.684661E+03, Overflow 2.547454E-01, MaxDensity 3.549E+00, MacroOverlap 3.467E+01, MacroOverlapWeight 8.000000E-06, gamma 1.515664E+00, time 1.261ms
[INFO   ] DREAMPlace - full step 6.735 ms
[INFO   ] DREAMPlace - optimizer step 4.470 ms
[INFO   ] DREAMPlace - iteration  165, (  26,  1,  1), Obj 1.407325E+03, NetCrossing 1.070E+02, NetCrossingWeight 0.000000E+00, DensityWeight 6.031846E-04, HPWL 1.694835E+03, Overflow 2.534561E-01, MaxDensity 3.658E+00, MacroOverlap 3.657E+01, MacroOverlapWeight 8.000000E-06, gamma 1.515664E+00, time 1.125ms
[INFO   ] DREAMPlace - full step 6.260 ms
[INFO   ] DREAMPlace - Lsub stopping criteria: 1 and 1407.32 > 1396.39 * 0.999
[INFO   ] DREAMPlace - Llambda stopping criteria: 1 and (( 0.253456 < 0.1 and 1694.84 > 1630.17 ) or 3.65845 < 1.0)
[INFO   ] DREAMPlace - optimizer step 5.250 ms
[INFO   ] DREAMPlace - iteration  166, (  27,  0,  0), Obj 1.469277E+03, NetCrossing 1.085E+02, NetCrossingWeight 0.000000E+00, DensityWeight 6.333381E-04, HPWL 1.755832E+03, Overflow 2.542779E-01, MaxDensity 3.511E+00, MacroOverlap 3.400E+01, MacroOverlapWeight 8.000000E-06, gamma 1.507601E+00, time 1.419ms
[INFO   ] DREAMPlace - full step 26.452 ms
[INFO   ] DREAMPlace - optimizer step 4.583 ms
[INFO   ] DREAMPlace - iteration  167, (  27,  0,  1), Obj 1.483254E+03, NetCrossing 1.070E+02, NetCrossingWeight 0.000000E+00, DensityWeight 6.333381E-04, HPWL 1.767447E+03, Overflow 2.528870E-01, MaxDensity 3.651E+00, MacroOverlap 3.599E+01, MacroOverlapWeight 8.000000E-06, gamma 1.507601E+00, time 1.413ms
[INFO   ] DREAMPlace - full step 6.781 ms
[INFO   ] DREAMPlace - Lsub stopping criteria: 1 and 1483.25 > 1469.28 * 0.999
[INFO   ] DREAMPlace - optimizer step 5.557 ms
[INFO   ] DREAMPlace - iteration  168, (  27,  1,  0), Obj 1.561051E+03, NetCrossing 1.086E+02, NetCrossingWeight 0.000000E+00, DensityWeight 6.649983E-04, HPWL 1.841844E+03, Overflow 2.537770E-01, MaxDensity 3.471E+00, MacroOverlap 3.330E+01, MacroOverlapWeight 8.000000E-06, gamma 1.507601E+00, time 1.302ms
[INFO   ] DREAMPlace - full step 7.524 ms
[INFO   ] DREAMPlace - optimizer step 4.385 ms
[INFO   ] DREAMPlace - iteration  169, (  27,  1,  1), Obj 1.568952E+03, NetCrossing 1.070E+02, NetCrossingWeight 0.000000E+00, DensityWeight 6.649983E-04, HPWL 1.850945E+03, Overflow 2.522907E-01, MaxDensity 3.644E+00, MacroOverlap 3.540E+01, MacroOverlapWeight 8.000000E-06, gamma 1.507601E+00, time 1.321ms
[INFO   ] DREAMPlace - full step 6.401 ms
[INFO   ] DREAMPlace - Lsub stopping criteria: 1 and 1568.95 > 1561.05 * 0.999
[INFO   ] DREAMPlace - Llambda stopping criteria: 1 and (( 0.252291 < 0.1 and 1850.95 > 1767.45 ) or 3.6441 < 1.0)
[INFO   ] DREAMPlace - optimizer step 4.324 ms
[INFO   ] DREAMPlace - iteration  170, (  28,  0,  0), Obj 1.665138E+03, NetCrossing 1.088E+02, NetCrossingWeight 0.000000E+00, DensityWeight 6.982401E-04, HPWL 1.939677E+03, Overflow 2.531522E-01, MaxDensity 3.438E+00, MacroOverlap 3.258E+01, MacroOverlapWeight 8.000000E-06, gamma 1.498637E+00, time 1.129ms
[INFO   ] DREAMPlace - full step 6.066 ms
[INFO   ] DREAMPlace - optimizer step 4.730 ms
[INFO   ] DREAMPlace - iteration  171, (  28,  0,  1), Obj 1.667325E+03, NetCrossing 1.070E+02, NetCrossingWeight 0.000000E+00, DensityWeight 6.982401E-04, HPWL 1.947843E+03, Overflow 2.516861E-01, MaxDensity 3.637E+00, MacroOverlap 3.478E+01, MacroOverlapWeight 8.000000E-06, gamma 1.498637E+00, time 1.144ms
[INFO   ] DREAMPlace - full step 6.510 ms
[INFO   ] DREAMPlace - Lsub stopping criteria: 1 and 1667.33 > 1665.14 * 0.999
[INFO   ] DREAMPlace - optimizer step 4.218 ms
[INFO   ] DREAMPlace - iteration  172, (  28,  1,  0), Obj 1.797919E+03, NetCrossing 1.090E+02, NetCrossingWeight 0.000000E+00, DensityWeight 7.331421E-04, HPWL 2.069805E+03, Overflow 2.523521E-01, MaxDensity 3.452E+00, MacroOverlap 3.182E+01, MacroOverlapWeight 8.000000E-06, gamma 1.498637E+00, time 1.166ms
[INFO   ] DREAMPlace - full step 6.027 ms
[INFO   ] DREAMPlace - optimizer step 4.481 ms
[INFO   ] DREAMPlace - iteration  173, (  28,  1,  1), Obj 1.775112E+03, NetCrossing 1.070E+02, NetCrossingWeight 0.000000E+00, DensityWeight 7.331421E-04, HPWL 2.079919E+03, Overflow 2.511230E-01, MaxDensity 3.627E+00, MacroOverlap 3.411E+01, MacroOverlapWeight 8.000000E-06, gamma 1.498637E+00, time 1.070ms
[INFO   ] DREAMPlace - full step 6.210 ms
[INFO   ] DREAMPlace - Llambda stopping criteria: 1 and (( 0.251123 < 0.1 and 2079.92 > 1947.84 ) or 3.62717 < 1.0)
[INFO   ] DREAMPlace - optimizer step 4.218 ms
[INFO   ] DREAMPlace - iteration  174, (  29,  0,  0), Obj 1.968170E+03, NetCrossing 1.092E+02, NetCrossingWeight 0.000000E+00, DensityWeight 7.697850E-04, HPWL 2.293079E+03, Overflow 2.510187E-01, MaxDensity 3.468E+00, MacroOverlap 3.105E+01, MacroOverlapWeight 8.000000E-06, gamma 1.489709E+00, time 1.152ms
[INFO   ] DREAMPlace - full step 5.989 ms
[INFO   ] DREAMPlace - optimizer step 4.805 ms
[INFO   ] DREAMPlace - iteration  175, (  29,  0,  1), Obj 1.970397E+03, NetCrossing 1.070E+02, NetCrossingWeight 0.000000E+00, DensityWeight 7.697850E-04, HPWL 2.366186E+03, Overflow 2.505419E-01, MaxDensity 3.600E+00, MacroOverlap 3.314E+01, MacroOverlapWeight 8.000000E-06, gamma 1.489709E+00, time 1.343ms
[INFO   ] DREAMPlace - full step 6.979 ms
[INFO   ] DREAMPlace - Lsub stopping criteria: 1 and 1970.4 > 1968.17 * 0.999
[INFO   ] DREAMPlace - optimizer step 4.167 ms
[INFO   ] DREAMPlace - iteration  176, (  29,  1,  0), Obj 2.360585E+03, NetCrossing 1.091E+02, NetCrossingWeight 0.000000E+00, DensityWeight 8.082420E-04, HPWL 2.760354E+03, Overflow 2.499791E-01, MaxDensity 3.522E+00, MacroOverlap 3.015E+01, MacroOverlapWeight 8.000000E-06, gamma 1.489709E+00, time 1.089ms
[INFO   ] DREAMPlace - full step 5.935 ms
[INFO   ] DREAMPlace - optimizer step 4.364 ms
[INFO   ] DREAMPlace - iteration  177, (  29,  1,  1), Obj 2.293781E+03, NetCrossing 1.069E+02, NetCrossingWeight 0.000000E+00, DensityWeight 8.082420E-04, HPWL 2.677555E+03, Overflow 2.495900E-01, MaxDensity 3.546E+00, MacroOverlap 3.207E+01, MacroOverlapWeight 8.000000E-06, gamma 1.489709E+00, time 1.147ms
[INFO   ] DREAMPlace - full step 6.179 ms
[INFO   ] DREAMPlace - Llambda stopping criteria: 1 and (( 0.24959 < 0.1 and 2677.55 > 2366.19 ) or 3.54588 < 1.0)
[INFO   ] DREAMPlace - optimizer step 5.634 ms
[INFO   ] DREAMPlace - iteration  178, (  30,  0,  0), Obj 2.151714E+03, NetCrossing 1.084E+02, NetCrossingWeight 0.000000E+00, DensityWeight 8.486173E-04, HPWL 2.579552E+03, Overflow 2.487570E-01, MaxDensity 3.573E+00, MacroOverlap 2.931E+01, MacroOverlapWeight 8.000000E-06, gamma 1.478070E+00, time 1.226ms
[INFO   ] DREAMPlace - full step 7.593 ms
[INFO   ] DREAMPlace - optimizer step 5.328 ms
[INFO   ] DREAMPlace - iteration  179, (  30,  0,  1), Obj 3.047808E+03, NetCrossing 1.063E+02, NetCrossingWeight 0.000000E+00, DensityWeight 8.486173E-04, HPWL 3.398478E+03, Overflow 2.486746E-01, MaxDensity 3.697E+00, MacroOverlap 3.172E+01, MacroOverlapWeight 8.000000E-06, gamma 1.478070E+00, time 1.458ms
[INFO   ] DREAMPlace - full step 7.548 ms
[INFO   ] DREAMPlace - Lsub stopping criteria: 1 and 3047.81 > 2151.71 * 0.999
[INFO   ] DREAMPlace - optimizer step 4.917 ms
[INFO   ] DREAMPlace - iteration  180, (  30,  1,  0), Obj 2.230546E+03, NetCrossing 1.084E+02, NetCrossingWeight 0.000000E+00, DensityWeight 8.909586E-04, HPWL 2.725818E+03, Overflow 2.478523E-01, MaxDensity 3.521E+00, MacroOverlap 2.826E+01, MacroOverlapWeight 8.000000E-06, gamma 1.478070E+00, time 1.340ms
[INFO   ] DREAMPlace - full step 7.076 ms
[INFO   ] DREAMPlace - optimizer step 5.361 ms
[INFO   ] DREAMPlace - iteration  181, (  30,  1,  1), Obj 3.400862E+03, NetCrossing 1.060E+02, NetCrossingWeight 0.000000E+00, DensityWeight 8.909586E-04, HPWL 3.812752E+03, Overflow 2.480976E-01, MaxDensity 3.664E+00, MacroOverlap 3.112E+01, MacroOverlapWeight 8.000000E-06, gamma 1.478070E+00, time 1.356ms
[INFO   ] DREAMPlace - full step 7.467 ms
[INFO   ] DREAMPlace - Lsub stopping criteria: 1 and 3400.86 > 2230.55 * 0.999
[INFO   ] DREAMPlace - Llambda stopping criteria: 1 and (( 0.248098 < 0.1 and 3812.75 > 3398.48 ) or 3.66411 < 1.0)
[INFO   ] DREAMPlace - optimizer step 4.722 ms
[INFO   ] DREAMPlace - iteration  182, (  31,  0,  0), Obj 2.493517E+03, NetCrossing 1.081E+02, NetCrossingWeight 0.000000E+00, DensityWeight 9.354524E-04, HPWL 3.049430E+03, Overflow 2.467590E-01, MaxDensity 3.313E+00, MacroOverlap 2.701E+01, MacroOverlapWeight 8.000000E-06, gamma 1.466826E+00, time 1.606ms
[INFO   ] DREAMPlace - full step 7.023 ms
[INFO   ] DREAMPlace - optimizer step 4.077 ms
[INFO   ] DREAMPlace - iteration  183, (  31,  0,  1), Obj 3.854440E+03, NetCrossing 1.057E+02, NetCrossingWeight 0.000000E+00, DensityWeight 9.354524E-04, HPWL 4.292110E+03, Overflow 2.466861E-01, MaxDensity 3.707E+00, MacroOverlap 3.019E+01, MacroOverlapWeight 8.000000E-06, gamma 1.466826E+00, time 1.063ms
[INFO   ] DREAMPlace - full step 5.724 ms
[INFO   ] DREAMPlace - Lsub stopping criteria: 1 and 3854.44 > 2493.52 * 0.999
[INFO   ] DREAMPlace - optimizer step 4.256 ms
[INFO   ] DREAMPlace - iteration  184, (  31,  1,  0), Obj 2.635674E+03, NetCrossing 1.076E+02, NetCrossingWeight 0.000000E+00, DensityWeight 9.821593E-04, HPWL 3.137006E+03, Overflow 2.461332E-01, MaxDensity 3.330E+00, MacroOverlap 2.598E+01, MacroOverlapWeight 8.000000E-06, gamma 1.466826E+00, time 1.076ms
[INFO   ] DREAMPlace - full step 6.061 ms
[INFO   ] DREAMPlace - optimizer step 4.956 ms
[INFO   ] DREAMPlace - iteration  185, (  31,  1,  1), Obj 3.893902E+03, NetCrossing 1.057E+02, NetCrossingWeight 0.000000E+00, DensityWeight 9.821593E-04, HPWL 4.292231E+03, Overflow 2.462857E-01, MaxDensity 3.584E+00, MacroOverlap 2.826E+01, MacroOverlapWeight 8.000000E-06, gamma 1.466826E+00, time 1.356ms
[INFO   ] DREAMPlace - full step 6.927 ms
[INFO   ] DREAMPlace - Lsub stopping criteria: 1 and 3893.9 > 2635.67 * 0.999
[INFO   ] DREAMPlace - Llambda stopping criteria: 1 and (( 0.246286 < 0.1 and 4292.23 > 4292.11 ) or 3.58367 < 1.0)
[INFO   ] DREAMPlace - optimizer step 4.162 ms
[INFO   ] DREAMPlace - iteration  186, (  32,  0,  0), Obj 3.797055E+03, NetCrossing 1.127E+02, NetCrossingWeight 0.000000E+00, DensityWeight 1.031267E-03, HPWL 4.212279E+03, Overflow 2.465055E-01, MaxDensity 3.410E+00, MacroOverlap 2.422E+01, MacroOverlapWeight 8.000000E-06, gamma 1.453289E+00, time 1.063ms
[INFO   ] DREAMPlace - full step 5.790 ms
[INFO   ] DREAMPlace - optimizer step 4.258 ms
[INFO   ] DREAMPlace - iteration  187, (  32,  0,  1), Obj 3.796122E+03, NetCrossing 1.060E+02, NetCrossingWeight 0.000000E+00, DensityWeight 1.031267E-03, HPWL 4.159510E+03, Overflow 2.461598E-01, MaxDensity 3.530E+00, MacroOverlap 2.690E+01, MacroOverlapWeight 8.000000E-06, gamma 1.453289E+00, time 1.045ms
[INFO   ] DREAMPlace - full step 5.856 ms
[INFO   ] DREAMPlace - Lsub stopping criteria: 1 and 3796.12 > 3797.05 * 0.999
[INFO   ] DREAMPlace - optimizer step 5.752 ms
[INFO   ] DREAMPlace - iteration  188, (  32,  1,  0), Obj 3.602000E+03, NetCrossing 1.071E+02, NetCrossingWeight 0.000000E+00, DensityWeight 1.072699E-03, HPWL 3.982249E+03, Overflow 2.442760E-01, MaxDensity 3.374E+00, MacroOverlap 2.334E+01, MacroOverlapWeight 8.000000E-06, gamma 1.453289E+00, time 1.367ms
[INFO   ] DREAMPlace - full step 7.833 ms
[INFO   ] DREAMPlace - optimizer step 5.232 ms
[INFO   ] DREAMPlace - iteration  189, (  32,  1,  1), Obj 4.430359E+03, NetCrossing 1.082E+02, NetCrossingWeight 0.000000E+00, DensityWeight 1.072699E-03, HPWL 4.797572E+03, Overflow 2.462206E-01, MaxDensity 3.491E+00, MacroOverlap 2.431E+01, MacroOverlapWeight 8.000000E-06, gamma 1.453289E+00, time 1.264ms
[INFO   ] DREAMPlace - full step 7.249 ms
[INFO   ] DREAMPlace - Lsub stopping criteria: 1 and 4430.36 > 3602 * 0.999
[INFO   ] DREAMPlace - Llambda stopping criteria: 1 and (( 0.246221 < 0.1 and 4797.57 > 4159.51 ) or 3.49108 < 1.0)
[INFO   ] DREAMPlace - optimizer step 4.883 ms
[INFO   ] DREAMPlace - iteration  190, (  33,  0,  0), Obj 4.092807E+03, NetCrossing 1.070E+02, NetCrossingWeight 0.000000E+00, DensityWeight 1.126234E-03, HPWL 4.454898E+03, Overflow 2.425668E-01, MaxDensity 3.419E+00, MacroOverlap 2.182E+01, MacroOverlapWeight 8.000000E-06, gamma 1.452805E+00, time 1.412ms
[INFO   ] DREAMPlace - full step 7.063 ms
[INFO   ] DREAMPlace - optimizer step 5.315 ms
[INFO   ] DREAMPlace - iteration  191, (  33,  0,  1), Obj 4.453382E+03, NetCrossing 1.113E+02, NetCrossingWeight 0.000000E+00, DensityWeight 1.126234E-03, HPWL 4.833059E+03, Overflow 2.442493E-01, MaxDensity 3.550E+00, MacroOverlap 2.307E+01, MacroOverlapWeight 8.000000E-06, gamma 1.452805E+00, time 1.504ms
[INFO   ] DREAMPlace - full step 7.572 ms
[INFO   ] DREAMPlace - Lsub stopping criteria: 1 and 4453.38 > 4092.81 * 0.999
[INFO   ] DREAMPlace - optimizer step 4.748 ms
[INFO   ] DREAMPlace - iteration  192, (  33,  1,  0), Obj 3.662690E+03, NetCrossing 1.071E+02, NetCrossingWeight 0.000000E+00, DensityWeight 1.182540E-03, HPWL 3.963978E+03, Overflow 2.433879E-01, MaxDensity 3.158E+00, MacroOverlap 2.100E+01, MacroOverlapWeight 8.000000E-06, gamma 1.452805E+00, time 1.201ms
[INFO   ] DREAMPlace - full step 6.538 ms
[INFO   ] DREAMPlace - optimizer step 5.064 ms
[INFO   ] DREAMPlace - iteration  193, (  33,  1,  1), Obj 6.225581E+03, NetCrossing 1.033E+02, NetCrossingWeight 0.000000E+00, DensityWeight 1.182540E-03, HPWL 6.498974E+03, Overflow 2.384980E-01, MaxDensity 3.710E+00, MacroOverlap 1.986E+01, MacroOverlapWeight 8.000000E-06, gamma 1.452805E+00, time 1.294ms
[INFO   ] DREAMPlace - full step 7.088 ms
[INFO   ] DREAMPlace - Lsub stopping criteria: 1 and 6225.58 > 3662.69 * 0.999
[INFO   ] DREAMPlace - Llambda stopping criteria: 1 and (( 0.238498 < 0.1 and 6498.97 > 4833.06 ) or 3.70983 < 1.0)
[INFO   ] DREAMPlace - optimizer step 5.179 ms
[INFO   ] DREAMPlace - iteration  194, (  34,  0,  0), Obj 6.294563E+03, NetCrossing 1.153E+02, NetCrossingWeight 0.000000E+00, DensityWeight 1.241378E-03, HPWL 6.494698E+03, Overflow 2.414463E-01, MaxDensity 2.872E+00, MacroOverlap 1.797E+01, MacroOverlapWeight 8.000000E-06, gamma 1.396516E+00, time 1.327ms
[INFO   ] DREAMPlace - full step 7.201 ms
[INFO   ] DREAMPlace - optimizer step 5.337 ms
[INFO   ] DREAMPlace - iteration  195, (  34,  0,  1), Obj 7.526378E+03, NetCrossing 1.063E+02, NetCrossingWeight 0.000000E+00, DensityWeight 1.241378E-03, HPWL 7.751093E+03, Overflow 2.328177E-01, MaxDensity 3.825E+00, MacroOverlap 1.842E+01, MacroOverlapWeight 8.000000E-06, gamma 1.396516E+00, time 1.299ms
[INFO   ] DREAMPlace - full step 7.324 ms
[INFO   ] DREAMPlace - Lsub stopping criteria: 1 and 7526.38 > 6294.56 * 0.999
[INFO   ] DREAMPlace - optimizer step 4.309 ms
[INFO   ] DREAMPlace - iteration  196, (  34,  1,  0), Obj 8.106622E+03, NetCrossing 1.160E+02, NetCrossingWeight 0.000000E+00, DensityWeight 1.303220E-03, HPWL 8.271440E+03, Overflow 2.330640E-01, MaxDensity 2.950E+00, MacroOverlap 1.480E+01, MacroOverlapWeight 8.000000E-06, gamma 1.396516E+00, time 1.268ms
[INFO   ] DREAMPlace - full step 6.196 ms
[INFO   ] DREAMPlace - optimizer step 4.104 ms
[INFO   ] DREAMPlace - iteration  197, (  34,  1,  1), Obj 7.089694E+03, NetCrossing 1.066E+02, NetCrossingWeight 0.000000E+00, DensityWeight 1.303220E-03, HPWL 7.284346E+03, Overflow 2.347185E-01, MaxDensity 2.987E+00, MacroOverlap 1.676E+01, MacroOverlapWeight 8.000000E-06, gamma 1.396516E+00, time 1.107ms
[INFO   ] DREAMPlace - full step 5.758 ms
[INFO   ] DREAMPlace - optimizer step 4.160 ms
[INFO   ] DREAMPlace - iteration  198, (  34,  2,  0), Obj 7.281137E+03, NetCrossing 1.169E+02, NetCrossingWeight 0.000000E+00, DensityWeight 1.354900E-03, HPWL 7.468300E+03, Overflow 2.337416E-01, MaxDensity 3.327E+00, MacroOverlap 1.762E+01, MacroOverlapWeight 8.000000E-06, gamma 1.396516E+00, time 1.029ms
[INFO   ] DREAMPlace - full step 5.709 ms
[INFO   ] DREAMPlace - optimizer step 4.269 ms
[INFO   ] DREAMPlace - iteration  199, (  34,  2,  1), Obj 1.299254E+04, NetCrossing 1.016E+02, NetCrossingWeight 0.000000E+00, DensityWeight 1.354900E-03, HPWL 1.313645E+04, Overflow 2.300239E-01, MaxDensity 3.570E+00, MacroOverlap 1.409E+01, MacroOverlapWeight 8.000000E-06, gamma 1.396516E+00, time 1.141ms
[INFO   ] DREAMPlace - full step 6.011 ms
[INFO   ] DREAMPlace - Lsub stopping criteria: 1 and 12992.5 > 7281.14 * 0.999
[INFO   ] DREAMPlace - Llambda stopping criteria: 2 and (( 0.230024 < 0.1 and 13136.4 > 7284.35 ) or 3.56966 < 1.0)
[INFO   ] DREAMPlace - optimizer step 4.642 ms
[INFO   ] DREAMPlace - iteration  200, (  35,  0,  0), Obj 1.406651E+04, NetCrossing 1.178E+02, NetCrossingWeight 0.000000E+00, DensityWeight 1.421485E-03, HPWL 1.418168E+04, Overflow 2.201863E-01, MaxDensity 2.912E+00, MacroOverlap 1.321E+01, MacroOverlapWeight 8.000000E-06, gamma 1.337256E+00, time 1.456ms
[INFO   ] DREAMPlace - full step 6.755 ms
[INFO   ] DREAMPlace - optimizer step 4.729 ms
[INFO   ] DREAMPlace - iteration  201, (  35,  0,  1), Obj 1.106051E+04, NetCrossing 1.115E+02, NetCrossingWeight 0.000000E+00, DensityWeight 1.421485E-03, HPWL 1.117582E+04, Overflow 2.210561E-01, MaxDensity 3.536E+00, MacroOverlap 9.049E+00, MacroOverlapWeight 8.000000E-06, gamma 1.337256E+00, time 1.127ms
[INFO   ] DREAMPlace - full step 6.468 ms
[INFO   ] DREAMPlace - optimizer step 5.346 ms
[INFO   ] DREAMPlace - iteration  202, (  35,  1,  0), Obj 1.627674E+04, NetCrossing 1.026E+02, NetCrossingWeight 0.000000E+00, DensityWeight 1.477559E-03, HPWL 1.634344E+04, Overflow 2.187416E-01, MaxDensity 3.193E+00, MacroOverlap 1.396E+01, MacroOverlapWeight 8.000000E-06, gamma 1.337256E+00, time 1.228ms
[INFO   ] DREAMPlace - full step 7.250 ms
[INFO   ] DREAMPlace - optimizer step 5.238 ms
[INFO   ] DREAMPlace - iteration  203, (  35,  1,  1), Obj 1.813052E+04, NetCrossing 1.054E+02, NetCrossingWeight 0.000000E+00, DensityWeight 1.477559E-03, HPWL 1.822546E+04, Overflow 2.090032E-01, MaxDensity 2.970E+00, MacroOverlap 7.331E+00, MacroOverlapWeight 8.000000E-06, gamma 1.337256E+00, time 1.372ms
[INFO   ] DREAMPlace - full step 7.291 ms
[INFO   ] DREAMPlace - Lsub stopping criteria: 1 and 18130.5 > 16276.7 * 0.999
[INFO   ] DREAMPlace - Llambda stopping criteria: 1 and (( 0.209003 < 0.1 and 18225.5 > 11175.8 ) or 2.97007 < 1.0)
[INFO   ] DREAMPlace - optimizer step 13.166 ms
[INFO   ] DREAMPlace - iteration  204, (  36,  0,  0), Obj 1.222459E+04, NetCrossing 1.132E+02, NetCrossingWeight 0.000000E+00, DensityWeight 1.549914E-03, HPWL 1.229764E+04, Overflow 2.142218E-01, MaxDensity 2.968E+00, MacroOverlap 7.154E+00, MacroOverlapWeight 8.000000E-06, gamma 1.200886E+00, time 1.302ms
[INFO   ] DREAMPlace - full step 15.109 ms
[INFO   ] DREAMPlace - optimizer step 4.037 ms
[INFO   ] DREAMPlace - iteration  205, (  36,  0,  1), Obj 1.101900E+04, NetCrossing 1.115E+02, NetCrossingWeight 0.000000E+00, DensityWeight 1.549914E-03, HPWL 1.113496E+04, Overflow 2.199927E-01, MaxDensity 2.966E+00, MacroOverlap 1.135E+01, MacroOverlapWeight 8.000000E-06, gamma 1.200886E+00, time 1.048ms
[INFO   ] DREAMPlace - full step 5.656 ms
[INFO   ] DREAMPlace - optimizer step 4.374 ms
[INFO   ] DREAMPlace - iteration  206, (  36,  1,  0), Obj 1.447716E+04, NetCrossing 1.168E+02, NetCrossingWeight 0.000000E+00, DensityWeight 1.610732E-03, HPWL 1.455845E+04, Overflow 2.063817E-01, MaxDensity 2.646E+00, MacroOverlap 6.420E+00, MacroOverlapWeight 8.000000E-06, gamma 1.200886E+00, time 1.022ms
[INFO   ] DREAMPlace - full step 5.995 ms
[INFO   ] DREAMPlace - optimizer step 4.175 ms
[INFO   ] DREAMPlace - iteration  207, (  36,  1,  1), Obj 1.248018E+04, NetCrossing 1.136E+02, NetCrossingWeight 0.000000E+00, DensityWeight 1.610732E-03, HPWL 1.254261E+04, Overflow 2.052350E-01, MaxDensity 3.517E+00, MacroOverlap 6.139E+00, MacroOverlapWeight 8.000000E-06, gamma 1.200886E+00, time 1.241ms
[INFO   ] DREAMPlace - full step 6.054 ms
[INFO   ] DREAMPlace - Llambda stopping criteria: 1 and (( 0.205235 < 0.1 and 12542.6 > 11135 ) or 3.51703 < 1.0)
[INFO   ] DREAMPlace - optimizer step 4.051 ms
[INFO   ] DREAMPlace - iteration  208, (  37,  0,  0), Obj 1.236638E+04, NetCrossing 9.945E+01, NetCrossingWeight 0.000000E+00, DensityWeight 1.690937E-03, HPWL 1.242048E+04, Overflow 2.039909E-01, MaxDensity 3.000E+00, MacroOverlap 8.329E+00, MacroOverlapWeight 8.000000E-06, gamma 1.177954E+00, time 1.040ms
[INFO   ] DREAMPlace - full step 5.646 ms
[INFO   ] DREAMPlace - optimizer step 23.859 ms
[INFO   ] DREAMPlace - iteration  209, (  37,  0,  1), Obj 1.327540E+04, NetCrossing 1.082E+02, NetCrossingWeight 0.000000E+00, DensityWeight 1.690937E-03, HPWL 1.335243E+04, Overflow 1.943047E-01, MaxDensity 2.733E+00, MacroOverlap 3.801E+00, MacroOverlapWeight 8.000000E-06, gamma 1.177954E+00, time 1.066ms
[INFO   ] DREAMPlace - full step 25.529 ms
[INFO   ] DREAMPlace - Lsub stopping criteria: 1 and 13275.4 > 12366.4 * 0.999
[INFO   ] DREAMPlace - optimizer step 5.248 ms
[INFO   ] DREAMPlace - iteration  210, (  37,  1,  0), Obj 9.180168E+03, NetCrossing 1.137E+02, NetCrossingWeight 0.000000E+00, DensityWeight 1.775283E-03, HPWL 9.351896E+03, Overflow 2.020645E-01, MaxDensity 2.573E+00, MacroOverlap 5.617E+00, MacroOverlapWeight 8.000000E-06, gamma 1.177954E+00, time 1.346ms
[INFO   ] DREAMPlace - full step 7.228 ms
[INFO   ] DREAMPlace - optimizer step 4.691 ms
[INFO   ] DREAMPlace - iteration  211, (  37,  1,  1), Obj 9.833774E+03, NetCrossing 1.048E+02, NetCrossingWeight 0.000000E+00, DensityWeight 1.775283E-03, HPWL 9.942723E+03, Overflow 1.997112E-01, MaxDensity 2.291E+00, MacroOverlap 4.549E+00, MacroOverlapWeight 8.000000E-06, gamma 1.177954E+00, time 1.096ms
[INFO   ] DREAMPlace - full step 15.917 ms
[INFO   ] DREAMPlace - Lsub stopping criteria: 1 and 9833.77 > 9180.17 * 0.999
[INFO   ] DREAMPlace - optimizer step 9.540 ms
[INFO   ] DREAMPlace - iteration  212, (  37,  2,  0), Obj 8.433615E+03, NetCrossing 1.137E+02, NetCrossingWeight 0.000000E+00, DensityWeight 1.844392E-03, HPWL 8.562760E+03, Overflow 2.012156E-01, MaxDensity 2.233E+00, MacroOverlap 5.010E+00, MacroOverlapWeight 8.000000E-06, gamma 1.177954E+00, time 1.225ms
[INFO   ] DREAMPlace - full step 11.527 ms
[INFO   ] DREAMPlace - optimizer step 17.545 ms
[INFO   ] DREAMPlace - iteration  213, (  37,  2,  1), Obj 8.215990E+03, NetCrossing 1.083E+02, NetCrossingWeight 0.000000E+00, DensityWeight 1.844392E-03, HPWL 8.365852E+03, Overflow 1.951578E-01, MaxDensity 2.500E+00, MacroOverlap 4.379E+00, MacroOverlapWeight 8.000000E-06, gamma 1.177954E+00, time 1.175ms
[INFO   ] DREAMPlace - full step 19.463 ms
[INFO   ] DREAMPlace - optimizer step 4.367 ms
[INFO   ] DREAMPlace - iteration  214, (  37,  3,  0), Obj 7.622483E+03, NetCrossing 1.062E+02, NetCrossingWeight 0.000000E+00, DensityWeight 1.915999E-03, HPWL 7.790079E+03, Overflow 1.885661E-01, MaxDensity 2.500E+00, MacroOverlap 2.954E+00, MacroOverlapWeight 8.000000E-06, gamma 1.177954E+00, time 1.124ms
[INFO   ] DREAMPlace - full step 6.143 ms
[INFO   ] DREAMPlace - optimizer step 4.377 ms
[INFO   ] DREAMPlace - iteration  215, (  37,  3,  1), Obj 8.408533E+03, NetCrossing 1.104E+02, NetCrossingWeight 0.000000E+00, DensityWeight 1.915999E-03, HPWL 8.494133E+03, Overflow 1.875419E-01, MaxDensity 2.477E+00, MacroOverlap 3.135E+00, MacroOverlapWeight 8.000000E-06, gamma 1.177954E+00, time 1.284ms
[INFO   ] DREAMPlace - full step 6.277 ms
[INFO   ] DREAMPlace - Lsub stopping criteria: 1 and 8408.53 > 7622.48 * 0.999
[INFO   ] DREAMPlace - Llambda stopping criteria: 3 and (( 0.187542 < 0.1 and 8494.13 > 8365.85 ) or 2.4767 < 1.0)
[INFO   ] DREAMPlace - optimizer step 9.142 ms
[INFO   ] DREAMPlace - iteration  216, (  38,  0,  0), Obj 6.294281E+03, NetCrossing 1.050E+02, NetCrossingWeight 0.000000E+00, DensityWeight 2.011763E-03, HPWL 6.477982E+03, Overflow 1.852274E-01, MaxDensity 2.114E+00, MacroOverlap 3.416E+00, MacroOverlapWeight 8.000000E-06, gamma 1.075995E+00, time 1.082ms
[INFO   ] DREAMPlace - full step 10.917 ms
[INFO   ] DREAMPlace - optimizer step 5.219 ms
[INFO   ] DREAMPlace - iteration  217, (  38,  0,  1), Obj 5.854862E+03, NetCrossing 1.062E+02, NetCrossingWeight 0.000000E+00, DensityWeight 2.011763E-03, HPWL 5.970722E+03, Overflow 1.849276E-01, MaxDensity 2.500E+00, MacroOverlap 4.706E+00, MacroOverlapWeight 8.000000E-06, gamma 1.075995E+00, time 1.378ms
[INFO   ] DREAMPlace - full step 7.357 ms
[INFO   ] DREAMPlace - optimizer step 10.723 ms
[INFO   ] DREAMPlace - iteration  218, (  38,  1,  0), Obj 6.254541E+03, NetCrossing 1.106E+02, NetCrossingWeight 0.000000E+00, DensityWeight 2.089451E-03, HPWL 6.373909E+03, Overflow 1.782453E-01, MaxDensity 1.937E+00, MacroOverlap 2.435E+00, MacroOverlapWeight 8.000000E-06, gamma 1.075995E+00, time 1.369ms
[INFO   ] DREAMPlace - full step 12.760 ms
[INFO   ] DREAMPlace - optimizer step 10.597 ms
[INFO   ] DREAMPlace - iteration  219, (  38,  1,  1), Obj 4.788638E+03, NetCrossing 1.044E+02, NetCrossingWeight 0.000000E+00, DensityWeight 2.089451E-03, HPWL 4.923592E+03, Overflow 1.837682E-01, MaxDensity 2.500E+00, MacroOverlap 4.286E+00, MacroOverlapWeight 8.000000E-06, gamma 1.075995E+00, time 1.281ms
[INFO   ] DREAMPlace - full step 12.522 ms
[INFO   ] DREAMPlace - optimizer step 5.295 ms
[INFO   ] DREAMPlace - iteration  220, (  38,  2,  0), Obj 4.151670E+03, NetCrossing 1.100E+02, NetCrossingWeight 0.000000E+00, DensityWeight 2.169921E-03, HPWL 4.366313E+03, Overflow 1.846399E-01, MaxDensity 2.434E+00, MacroOverlap 4.763E+00, MacroOverlapWeight 8.000000E-06, gamma 1.075995E+00, time 1.430ms
[INFO   ] DREAMPlace - full step 9.257 ms
[INFO   ] DREAMPlace - optimizer step 4.282 ms
[INFO   ] DREAMPlace - iteration  221, (  38,  2,  1), Obj 4.753381E+03, NetCrossing 1.036E+02, NetCrossingWeight 0.000000E+00, DensityWeight 2.169921E-03, HPWL 4.950719E+03, Overflow 1.802241E-01, MaxDensity 2.218E+00, MacroOverlap 4.850E+00, MacroOverlapWeight 8.000000E-06, gamma 1.075995E+00, time 1.497ms
[INFO   ] DREAMPlace - full step 6.658 ms
[INFO   ] DREAMPlace - Lsub stopping criteria: 1 and 4753.38 > 4151.67 * 0.999
[INFO   ] DREAMPlace - Llambda stopping criteria: 2 and (( 0.180224 < 0.1 and 4950.72 > 4923.59 ) or 2.21778 < 1.0)
[INFO   ] DREAMPlace - optimizer step 9.256 ms
[INFO   ] DREAMPlace - iteration  222, (  39,  0,  0), Obj 3.439738E+03, NetCrossing 1.095E+02, NetCrossingWeight 0.000000E+00, DensityWeight 2.278409E-03, HPWL 3.716506E+03, Overflow 1.756405E-01, MaxDensity 2.372E+00, MacroOverlap 4.024E+00, MacroOverlapWeight 8.000000E-06, gamma 1.036450E+00, time 1.944ms
[INFO   ] DREAMPlace - full step 12.092 ms
[INFO   ] DREAMPlace - optimizer step 4.693 ms
[INFO   ] DREAMPlace - iteration  223, (  39,  0,  1), Obj 3.976753E+03, NetCrossing 1.081E+02, NetCrossingWeight 0.000000E+00, DensityWeight 2.278409E-03, HPWL 4.118791E+03, Overflow 1.730781E-01, MaxDensity 2.242E+00, MacroOverlap 3.299E+00, MacroOverlapWeight 8.000000E-06, gamma 1.036450E+00, time 1.291ms
[INFO   ] DREAMPlace - full step 6.657 ms
[INFO   ] DREAMPlace - Lsub stopping criteria: 1 and 3976.75 > 3439.74 * 0.999
[INFO   ] DREAMPlace - optimizer step 15.882 ms
[INFO   ] DREAMPlace - iteration  224, (  39,  1,  0), Obj 2.985507E+03, NetCrossing 1.083E+02, NetCrossingWeight 0.000000E+00, DensityWeight 2.365683E-03, HPWL 3.204398E+03, Overflow 1.659569E-01, MaxDensity 2.500E+00, MacroOverlap 3.599E+00, MacroOverlapWeight 8.000000E-06, gamma 1.036450E+00, time 1.272ms
[INFO   ] DREAMPlace - full step 18.252 ms
[INFO   ] DREAMPlace - optimizer step 4.759 ms
[INFO   ] DREAMPlace - iteration  225, (  39,  1,  1), Obj 3.218320E+03, NetCrossing 1.056E+02, NetCrossingWeight 0.000000E+00, DensityWeight 2.365683E-03, HPWL 3.445631E+03, Overflow 1.648239E-01, MaxDensity 2.455E+00, MacroOverlap 3.361E+00, MacroOverlapWeight 8.000000E-06, gamma 1.036450E+00, time 1.332ms
[INFO   ] DREAMPlace - full step 6.821 ms
[INFO   ] DREAMPlace - Lsub stopping criteria: 1 and 3218.32 > 2985.51 * 0.999
[INFO   ] DREAMPlace - optimizer step 5.640 ms
[INFO   ] DREAMPlace - iteration  226, (  39,  2,  0), Obj 3.637134E+03, NetCrossing 1.064E+02, NetCrossingWeight 0.000000E+00, DensityWeight 2.456055E-03, HPWL 3.845214E+03, Overflow 1.640200E-01, MaxDensity 2.454E+00, MacroOverlap 3.601E+00, MacroOverlapWeight 8.000000E-06, gamma 1.036450E+00, time 1.148ms
[INFO   ] DREAMPlace - full step 28.338 ms
[INFO   ] DREAMPlace - optimizer step 13.282 ms
[INFO   ] DREAMPlace - iteration  227, (  39,  2,  1), Obj 2.113552E+03, NetCrossing 1.066E+02, NetCrossingWeight 0.000000E+00, DensityWeight 2.456055E-03, HPWL 2.447611E+03, Overflow 1.614332E-01, MaxDensity 2.474E+00, MacroOverlap 3.692E+00, MacroOverlapWeight 8.000000E-06, gamma 1.036450E+00, time 1.401ms
[INFO   ] DREAMPlace - full step 18.047 ms
[INFO   ] DREAMPlace - optimizer step 4.696 ms
[INFO   ] DREAMPlace - iteration  228, (  39,  3,  0), Obj 3.302233E+03, NetCrossing 1.056E+02, NetCrossingWeight 0.000000E+00, DensityWeight 2.549624E-03, HPWL 3.547625E+03, Overflow 1.589125E-01, MaxDensity 2.500E+00, MacroOverlap 3.796E+00, MacroOverlapWeight 8.000000E-06, gamma 1.036450E+00, time 1.137ms
[INFO   ] DREAMPlace - full step 6.543 ms
[INFO   ] DREAMPlace - optimizer step 4.898 ms
[INFO   ] DREAMPlace - iteration  229, (  39,  3,  1), Obj 3.310609E+03, NetCrossing 1.066E+02, NetCrossingWeight 0.000000E+00, DensityWeight 2.549624E-03, HPWL 3.590947E+03, Overflow 1.543611E-01, MaxDensity 2.300E+00, MacroOverlap 3.313E+00, MacroOverlapWeight 8.000000E-06, gamma 1.036450E+00, time 1.133ms
[INFO   ] DREAMPlace - full step 6.667 ms
[INFO   ] DREAMPlace - Lsub stopping criteria: 1 and 3310.61 > 3302.23 * 0.999
[INFO   ] DREAMPlace - Llambda stopping criteria: 3 and (( 0.154361 < 0.1 and 3590.95 > 2447.61 ) or 2.30035 < 1.0)
[INFO   ] DREAMPlace - optimizer step 4.886 ms
[INFO   ] DREAMPlace - iteration  230, (  40,  0,  0), Obj 4.068273E+03, NetCrossing 1.064E+02, NetCrossingWeight 0.000000E+00, DensityWeight 2.676679E-03, HPWL 4.309438E+03, Overflow 1.528779E-01, MaxDensity 2.499E+00, MacroOverlap 3.169E+00, MacroOverlapWeight 8.000000E-06, gamma 9.079778E-01, time 1.265ms
[INFO   ] DREAMPlace - full step 7.002 ms
[INFO   ] DREAMPlace - optimizer step 5.110 ms
[INFO   ] DREAMPlace - iteration  231, (  40,  0,  1), Obj 4.633812E+03, NetCrossing 1.062E+02, NetCrossingWeight 0.000000E+00, DensityWeight 2.676679E-03, HPWL 4.793129E+03, Overflow 1.517989E-01, MaxDensity 2.472E+00, MacroOverlap 3.670E+00, MacroOverlapWeight 8.000000E-06, gamma 9.079778E-01, time 1.571ms
[INFO   ] DREAMPlace - full step 7.407 ms
[INFO   ] DREAMPlace - Lsub stopping criteria: 1 and 4633.81 > 4068.27 * 0.999
[INFO   ] DREAMPlace - optimizer step 4.741 ms
[INFO   ] DREAMPlace - iteration  232, (  40,  1,  0), Obj 5.191614E+03, NetCrossing 1.042E+02, NetCrossingWeight 0.000000E+00, DensityWeight 2.810041E-03, HPWL 5.322275E+03, Overflow 1.450345E-01, MaxDensity 2.043E+00, MacroOverlap 3.065E+00, MacroOverlapWeight 8.000000E-06, gamma 9.079778E-01, time 1.055ms
[INFO   ] DREAMPlace - full step 6.443 ms
[INFO   ] DREAMPlace - optimizer step 4.622 ms
[INFO   ] DREAMPlace - iteration  233, (  40,  1,  1), Obj 4.421680E+03, NetCrossing 1.064E+02, NetCrossingWeight 0.000000E+00, DensityWeight 2.810041E-03, HPWL 4.599467E+03, Overflow 1.477099E-01, MaxDensity 1.976E+00, MacroOverlap 3.026E+00, MacroOverlapWeight 8.000000E-06, gamma 9.079778E-01, time 1.194ms
[INFO   ] DREAMPlace - full step 6.564 ms
[INFO   ] DREAMPlace - optimizer step 4.754 ms
[INFO   ] DREAMPlace - iteration  234, (  40,  2,  0), Obj 6.669061E+03, NetCrossing 1.060E+02, NetCrossingWeight 0.000000E+00, DensityWeight 2.916222E-03, HPWL 6.742330E+03, Overflow 1.408442E-01, MaxDensity 1.885E+00, MacroOverlap 2.390E+00, MacroOverlapWeight 8.000000E-06, gamma 9.079778E-01, time 1.408ms
[INFO   ] DREAMPlace - full step 6.895 ms
[INFO   ] DREAMPlace - optimizer step 4.675 ms
[INFO   ] DREAMPlace - iteration  235, (  40,  2,  1), Obj 3.975354E+03, NetCrossing 1.068E+02, NetCrossingWeight 0.000000E+00, DensityWeight 2.916222E-03, HPWL 4.128458E+03, Overflow 1.468324E-01, MaxDensity 2.318E+00, MacroOverlap 3.530E+00, MacroOverlapWeight 8.000000E-06, gamma 9.079778E-01, time 1.166ms
[INFO   ] DREAMPlace - full step 6.422 ms
[INFO   ] DREAMPlace - optimizer step 5.626 ms
[INFO   ] DREAMPlace - iteration  236, (  40,  3,  0), Obj 7.747695E+03, NetCrossing 1.062E+02, NetCrossingWeight 0.000000E+00, DensityWeight 3.026111E-03, HPWL 7.820081E+03, Overflow 1.294498E-01, MaxDensity 1.772E+00, MacroOverlap 1.776E+00, MacroOverlapWeight 8.000000E-06, gamma 9.079778E-01, time 1.228ms
[INFO   ] DREAMPlace - full step 7.613 ms
[INFO   ] DREAMPlace - optimizer step 4.600 ms
[INFO   ] DREAMPlace - iteration  237, (  40,  3,  1), Obj 5.377792E+03, NetCrossing 1.050E+02, NetCrossingWeight 0.000000E+00, DensityWeight 3.026111E-03, HPWL 5.514173E+03, Overflow 1.399265E-01, MaxDensity 2.403E+00, MacroOverlap 2.731E+00, MacroOverlapWeight 8.000000E-06, gamma 9.079778E-01, time 1.451ms
[INFO   ] DREAMPlace - full step 9.185 ms
[INFO   ] DREAMPlace - Llambda stopping criteria: 3 and (( 0.139927 < 0.1 and 5514.17 > 4128.46 ) or 2.40275 < 1.0)
[INFO   ] DREAMPlace - optimizer step 4.342 ms
[INFO   ] DREAMPlace - iteration  238, (  41,  0,  0), Obj 1.072529E+04, NetCrossing 1.065E+02, NetCrossingWeight 0.000000E+00, DensityWeight 3.176803E-03, HPWL 1.075927E+04, Overflow 1.209364E-01, MaxDensity 1.804E+00, MacroOverlap 8.087E-01, MacroOverlapWeight 8.000000E-06, gamma 8.433314E-01, time 1.147ms
[INFO   ] DREAMPlace - full step 16.228 ms
[INFO   ] DREAMPlace - optimizer step 4.630 ms
[INFO   ] DREAMPlace - iteration  239, (  41,  0,  1), Obj 4.963792E+03, NetCrossing 1.072E+02, NetCrossingWeight 0.000000E+00, DensityWeight 3.176803E-03, HPWL 5.087818E+03, Overflow 1.352574E-01, MaxDensity 2.500E+00, MacroOverlap 2.895E+00, MacroOverlapWeight 8.000000E-06, gamma 8.433314E-01, time 1.160ms
[INFO   ] DREAMPlace - full step 6.509 ms
[INFO   ] DREAMPlace - optimizer step 4.745 ms
[INFO   ] DREAMPlace - iteration  240, (  41,  1,  0), Obj 2.732836E+04, NetCrossing 1.183E+02, NetCrossingWeight 0.000000E+00, DensityWeight 3.295852E-03, HPWL 2.733012E+04, Overflow 1.214903E-01, MaxDensity 1.612E+00, MacroOverlap 2.522E+00, MacroOverlapWeight 8.000000E-06, gamma 8.433314E-01, time 1.120ms
[INFO   ] DREAMPlace - full step 6.469 ms
[INFO   ] DREAMPlace - optimizer step 6.252 ms
[INFO   ] DREAMPlace - iteration  241, (  41,  1,  1), Obj 1.411651E+04, NetCrossing 1.100E+02, NetCrossingWeight 0.000000E+00, DensityWeight 3.295852E-03, HPWL 1.414255E+04, Overflow 1.356367E-01, MaxDensity 1.562E+00, MacroOverlap 2.631E+00, MacroOverlapWeight 8.000000E-06, gamma 8.433314E-01, time 1.439ms
[INFO   ] DREAMPlace - full step 8.427 ms
[INFO   ] DREAMPlace - Llambda stopping criteria: 1 and (( 0.135637 < 0.1 and 14142.6 > 5087.82 ) or 1.56248 < 1.0)
[INFO   ] DREAMPlace - optimizer step 12.678 ms
[INFO   ] DREAMPlace - iteration  242, (  42,  0,  0), Obj 3.818248E+04, NetCrossing 1.407E+02, NetCrossingWeight 0.000000E+00, DensityWeight 3.456279E-03, HPWL 3.818386E+04, Overflow 1.167231E-01, MaxDensity 1.500E+00, MacroOverlap 5.976E-01, MacroOverlapWeight 8.000000E-06, gamma 8.250216E-01, time 1.693ms
[INFO   ] DREAMPlace - full step 15.210 ms
[INFO   ] DREAMPlace - optimizer step 24.068 ms
[INFO   ] DREAMPlace - iteration  243, (  42,  0,  1), Obj 1.702071E+04, NetCrossing 1.119E+02, NetCrossingWeight 0.000000E+00, DensityWeight 3.456279E-03, HPWL 1.704764E+04, Overflow 1.199257E-01, MaxDensity 1.500E+00, MacroOverlap 4.530E-01, MacroOverlapWeight 8.000000E-06, gamma 8.250216E-01, time 2.015ms
[INFO   ] DREAMPlace - full step 26.937 ms
[INFO   ] DREAMPlace - optimizer step 5.893 ms
[INFO   ] DREAMPlace - iteration  244, (  42,  1,  0), Obj 1.339672E+05, NetCrossing 1.465E+02, NetCrossingWeight 0.000000E+00, DensityWeight 3.627624E-03, HPWL 1.339667E+05, Overflow 9.793945E-02, MaxDensity 1.850E+00, MacroOverlap 6.117E-01, MacroOverlapWeight 8.000000E-06, gamma 8.250216E-01, time 1.145ms
[INFO   ] DREAMPlace - full step 7.821 ms
[INFO   ] DREAMPlace - optimizer step 28.032 ms
[INFO   ] DREAMPlace - iteration  245, (  42,  1,  1), Obj 6.128880E+04, NetCrossing 1.469E+02, NetCrossingWeight 0.000000E+00, DensityWeight 3.627624E-03, HPWL 6.130302E+04, Overflow 9.891962E-02, MaxDensity 1.500E+00, MacroOverlap 4.659E-01, MacroOverlapWeight 8.000000E-06, gamma 8.250216E-01, time 1.807ms
[INFO   ] DREAMPlace - full step 59.936 ms
[INFO   ] DREAMPlace - Llambda stopping criteria: 1 and (( 0.0989196 < 0.1 and 61303 > 17047.6 ) or 1.5 < 1.0)
[INFO   ] DREAMPlace - optimizer step 5.072 ms
[INFO   ] DREAMPlace - iteration  246, (  43,  0,  0), Obj 1.059441E+05, NetCrossing 1.747E+02, NetCrossingWeight 0.000000E+00, DensityWeight 3.785579E-03, HPWL 1.059442E+05, Overflow 9.250960E-02, MaxDensity 1.759E+00, MacroOverlap 1.226E-01, MacroOverlapWeight 8.000000E-06, gamma 6.837099E-01, time 1.509ms
[INFO   ] DREAMPlace - full step 7.712 ms
[INFO   ] DREAMPlace - optimizer step 49.219 ms
[INFO   ] DREAMPlace - iteration  247, (  43,  0,  1), Obj 3.839174E+04, NetCrossing 1.189E+02, NetCrossingWeight 0.000000E+00, DensityWeight 3.785579E-03, HPWL 3.839085E+04, Overflow 1.307359E-01, MaxDensity 2.191E+00, MacroOverlap 1.337E+00, MacroOverlapWeight 8.000000E-06, gamma 6.837099E-01, time 1.255ms
[INFO   ] DREAMPlace - full step 57.738 ms
[INFO   ] DREAMPlace - optimizer step 4.929 ms
[INFO   ] DREAMPlace - iteration  248, (  43,  1,  0), Obj 1.755481E+04, NetCrossing 1.135E+02, NetCrossingWeight 0.000000E+00, DensityWeight 3.925871E-03, HPWL 1.761010E+04, Overflow 1.598743E-01, MaxDensity 1.667E+00, MacroOverlap 2.607E+00, MacroOverlapWeight 8.000000E-06, gamma 6.837099E-01, time 1.409ms
[INFO   ] DREAMPlace - full step 7.284 ms
[INFO   ] DREAMPlace - optimizer step 5.260 ms
[INFO   ] DREAMPlace - iteration  249, (  43,  1,  1), Obj 4.289990E+04, NetCrossing 1.529E+02, NetCrossingWeight 0.000000E+00, DensityWeight 3.925871E-03, HPWL 4.289802E+04, Overflow 1.401656E-01, MaxDensity 2.051E+00, MacroOverlap 1.873E+00, MacroOverlapWeight 8.000000E-06, gamma 6.837099E-01, time 1.492ms
[INFO   ] DREAMPlace - full step 7.896 ms
[INFO   ] DREAMPlace - Lsub stopping criteria: 1 and 42899.9 > 17554.8 * 0.999
[INFO   ] DREAMPlace - Llambda stopping criteria: 1 and (( 0.140166 < 0.1 and 42898 > 38390.9 ) or 2.05136 < 1.0)
[INFO   ] DREAMPlace - optimizer step 5.650 ms
[INFO   ] DREAMPlace - iteration  250, (  44,  0,  0), Obj 2.939376E+04, NetCrossing 1.197E+02, NetCrossingWeight 0.000000E+00, DensityWeight 4.119575E-03, HPWL 2.942539E+04, Overflow 1.410355E-01, MaxDensity 1.500E+00, MacroOverlap 1.662E+00, MacroOverlapWeight 8.000000E-06, gamma 8.443637E-01, time 1.505ms
[INFO   ] DREAMPlace - full step 31.392 ms
[INFO   ] DREAMPlace - optimizer step 4.715 ms
[INFO   ] DREAMPlace - iteration  251, (  44,  0,  1), Obj 3.003816E+04, NetCrossing 1.183E+02, NetCrossingWeight 0.000000E+00, DensityWeight 4.119575E-03, HPWL 3.005554E+04, Overflow 1.474569E-01, MaxDensity 1.500E+00, MacroOverlap 1.191E+00, MacroOverlapWeight 8.000000E-06, gamma 8.443637E-01, time 1.328ms
[INFO   ] DREAMPlace - full step 6.834 ms
[INFO   ] DREAMPlace - Lsub stopping criteria: 1 and 30038.2 > 29393.8 * 0.999
[INFO   ] DREAMPlace - optimizer step 32.585 ms
[INFO   ] DREAMPlace - iteration  252, (  44,  1,  0), Obj 1.963132E+04, NetCrossing 1.108E+02, NetCrossingWeight 0.000000E+00, DensityWeight 4.271392E-03, HPWL 1.970150E+04, Overflow 1.510642E-01, MaxDensity 2.000E+00, MacroOverlap 1.477E+00, MacroOverlapWeight 8.000000E-06, gamma 8.443637E-01, time 1.085ms
[INFO   ] DREAMPlace - full step 35.901 ms
[INFO   ] DREAMPlace - optimizer step 4.851 ms
[INFO   ] DREAMPlace - iteration  253, (  44,  1,  1), Obj 2.759520E+04, NetCrossing 1.120E+02, NetCrossingWeight 0.000000E+00, DensityWeight 4.271392E-03, HPWL 2.761523E+04, Overflow 1.410536E-01, MaxDensity 2.500E+00, MacroOverlap 2.377E+00, MacroOverlapWeight 8.000000E-06, gamma 8.443637E-01, time 1.264ms
[INFO   ] DREAMPlace - full step 6.835 ms
[INFO   ] DREAMPlace - Lsub stopping criteria: 1 and 27595.2 > 19631.3 * 0.999
[INFO   ] DREAMPlace - optimizer step 4.378 ms
[INFO   ] DREAMPlace - iteration  254, (  44,  2,  0), Obj 2.332594E+04, NetCrossing 1.078E+02, NetCrossingWeight 0.000000E+00, DensityWeight 4.428360E-03, HPWL 2.334732E+04, Overflow 1.514207E-01, MaxDensity 2.215E+00, MacroOverlap 1.842E+00, MacroOverlapWeight 8.000000E-06, gamma 8.443637E-01, time 1.146ms
[INFO   ] DREAMPlace - full step 6.127 ms
[INFO   ] DREAMPlace - optimizer step 4.202 ms
[INFO   ] DREAMPlace - iteration  255, (  44,  2,  1), Obj 2.517422E+04, NetCrossing 1.307E+02, NetCrossingWeight 0.000000E+00, DensityWeight 4.428360E-03, HPWL 2.519669E+04, Overflow 1.402906E-01, MaxDensity 2.500E+00, MacroOverlap 2.076E+00, MacroOverlapWeight 8.000000E-06, gamma 8.443637E-01, time 1.061ms
[INFO   ] DREAMPlace - full step 5.836 ms
[INFO   ] DREAMPlace - Lsub stopping criteria: 1 and 25174.2 > 23325.9 * 0.999
[INFO   ] DREAMPlace - optimizer step 4.847 ms
[INFO   ] DREAMPlace - iteration  256, (  44,  3,  0), Obj 2.322499E+04, NetCrossing 1.298E+02, NetCrossingWeight 0.000000E+00, DensityWeight 4.590637E-03, HPWL 2.322457E+04, Overflow 1.424945E-01, MaxDensity 1.997E+00, MacroOverlap 8.574E-01, MacroOverlapWeight 8.000000E-06, gamma 8.443637E-01, time 1.156ms
[INFO   ] DREAMPlace - full step 6.708 ms
[INFO   ] DREAMPlace - optimizer step 8.278 ms
[INFO   ] DREAMPlace - iteration  257, (  44,  3,  1), Obj 2.208361E+04, NetCrossing 1.080E+02, NetCrossingWeight 0.000000E+00, DensityWeight 4.590637E-03, HPWL 2.208872E+04, Overflow 1.369197E-01, MaxDensity 2.118E+00, MacroOverlap 1.349E+00, MacroOverlapWeight 8.000000E-06, gamma 8.443637E-01, time 1.255ms
[INFO   ] DREAMPlace - full step 10.280 ms
[INFO   ] DREAMPlace - optimizer step 4.348 ms
[INFO   ] DREAMPlace - iteration  258, (  44,  4,  0), Obj 1.884827E+04, NetCrossing 1.103E+02, NetCrossingWeight 0.000000E+00, DensityWeight 4.758385E-03, HPWL 1.884775E+04, Overflow 1.439758E-01, MaxDensity 2.000E+00, MacroOverlap 2.021E+00, MacroOverlapWeight 8.000000E-06, gamma 8.443637E-01, time 1.086ms
[INFO   ] DREAMPlace - full step 6.113 ms
[INFO   ] DREAMPlace - optimizer step 4.224 ms
[INFO   ] DREAMPlace - iteration  259, (  44,  4,  1), Obj 2.378413E+04, NetCrossing 1.257E+02, NetCrossingWeight 0.000000E+00, DensityWeight 4.758385E-03, HPWL 2.380184E+04, Overflow 1.255093E-01, MaxDensity 2.148E+00, MacroOverlap 1.162E+00, MacroOverlapWeight 8.000000E-06, gamma 8.443637E-01, time 1.136ms
[INFO   ] DREAMPlace - full step 5.948 ms
[INFO   ] DREAMPlace - Lsub stopping criteria: 1 and 23784.1 > 18848.3 * 0.999
[INFO   ] DREAMPlace - Llambda stopping criteria: 4 and (( 0.125509 < 0.1 and 23801.8 > 22088.7 ) or 2.14765 < 1.0)
[INFO   ] DREAMPlace - optimizer step 4.794 ms
[INFO   ] DREAMPlace - iteration  260, (  45,  0,  0), Obj 2.210052E+04, NetCrossing 1.185E+02, NetCrossingWeight 0.000000E+00, DensityWeight 4.995110E-03, HPWL 2.212770E+04, Overflow 1.101309E-01, MaxDensity 1.742E+00, MacroOverlap 4.431E-01, MacroOverlapWeight 8.000000E-06, gamma 7.833575E-01, time 1.065ms
[INFO   ] DREAMPlace - full step 25.517 ms
[INFO   ] DREAMPlace - optimizer step 5.505 ms
[INFO   ] DREAMPlace - iteration  261, (  45,  0,  1), Obj 2.810767E+04, NetCrossing 1.072E+02, NetCrossingWeight 0.000000E+00, DensityWeight 4.995110E-03, HPWL 2.810887E+04, Overflow 1.162541E-01, MaxDensity 1.990E+00, MacroOverlap 9.546E-01, MacroOverlapWeight 8.000000E-06, gamma 7.833575E-01, time 1.573ms
[INFO   ] DREAMPlace - full step 27.384 ms
[INFO   ] DREAMPlace - Lsub stopping criteria: 1 and 28107.7 > 22100.5 * 0.999
[INFO   ] DREAMPlace - optimizer step 5.437 ms
[INFO   ] DREAMPlace - iteration  262, (  45,  1,  0), Obj 1.853288E+04, NetCrossing 1.040E+02, NetCrossingWeight 0.000000E+00, DensityWeight 5.241718E-03, HPWL 1.854533E+04, Overflow 1.379829E-01, MaxDensity 2.000E+00, MacroOverlap 2.496E+00, MacroOverlapWeight 8.000000E-06, gamma 7.833575E-01, time 1.338ms
[INFO   ] DREAMPlace - full step 8.120 ms
[INFO   ] DREAMPlace - optimizer step 5.406 ms
[INFO   ] DREAMPlace - iteration  263, (  45,  1,  1), Obj 3.427467E+04, NetCrossing 1.208E+02, NetCrossingWeight 0.000000E+00, DensityWeight 5.241718E-03, HPWL 3.431902E+04, Overflow 1.081092E-01, MaxDensity 2.500E+00, MacroOverlap 6.517E-01, MacroOverlapWeight 8.000000E-06, gamma 7.833575E-01, time 1.386ms
[INFO   ] DREAMPlace - full step 24.246 ms
[INFO   ] DREAMPlace - Lsub stopping criteria: 1 and 34274.7 > 18532.9 * 0.999
[INFO   ] DREAMPlace - Llambda stopping criteria: 1 and (( 0.108109 < 0.1 and 34319 > 28108.9 ) or 2.5 < 1.0)
[INFO   ] DREAMPlace - optimizer step 4.730 ms
[INFO   ] DREAMPlace - iteration  264, (  46,  0,  0), Obj 1.959914E+04, NetCrossing 1.140E+02, NetCrossingWeight 0.000000E+00, DensityWeight 5.499041E-03, HPWL 1.962228E+04, Overflow 1.256076E-01, MaxDensity 2.426E+00, MacroOverlap 1.156E+00, MacroOverlapWeight 8.000000E-06, gamma 7.166268E-01, time 1.307ms
[INFO   ] DREAMPlace - full step 6.828 ms
[INFO   ] DREAMPlace - optimizer step 4.655 ms
[INFO   ] DREAMPlace - iteration  265, (  46,  0,  1), Obj 2.899511E+04, NetCrossing 1.079E+02, NetCrossingWeight 0.000000E+00, DensityWeight 5.499041E-03, HPWL 2.899519E+04, Overflow 1.136830E-01, MaxDensity 2.500E+00, MacroOverlap 8.390E-01, MacroOverlapWeight 8.000000E-06, gamma 7.166268E-01, time 1.238ms
[INFO   ] DREAMPlace - full step 6.575 ms
[INFO   ] DREAMPlace - Lsub stopping criteria: 1 and 28995.1 > 19599.1 * 0.999
[INFO   ] DREAMPlace - optimizer step 4.922 ms
[INFO   ] DREAMPlace - iteration  266, (  46,  1,  0), Obj 2.089818E+04, NetCrossing 1.067E+02, NetCrossingWeight 0.000000E+00, DensityWeight 5.697703E-03, HPWL 2.090117E+04, Overflow 1.167532E-01, MaxDensity 2.331E+00, MacroOverlap 1.476E+00, MacroOverlapWeight 8.000000E-06, gamma 7.166268E-01, time 1.084ms
[INFO   ] DREAMPlace - full step 6.628 ms
[INFO   ] DREAMPlace - optimizer step 4.212 ms
[INFO   ] DREAMPlace - iteration  267, (  46,  1,  1), Obj 3.536511E+04, NetCrossing 1.429E+02, NetCrossingWeight 0.000000E+00, DensityWeight 5.697703E-03, HPWL 3.539611E+04, Overflow 1.289833E-01, MaxDensity 2.492E+00, MacroOverlap 1.355E+00, MacroOverlapWeight 8.000000E-06, gamma 7.166268E-01, time 1.115ms
[INFO   ] DREAMPlace - full step 5.980 ms
[INFO   ] DREAMPlace - Lsub stopping criteria: 1 and 35365.1 > 20898.2 * 0.999
[INFO   ] DREAMPlace - Llambda stopping criteria: 1 and (( 0.128983 < 0.1 and 35396.1 > 28995.2 ) or 2.49224 < 1.0)
[INFO   ] DREAMPlace - optimizer step 4.514 ms
[INFO   ] DREAMPlace - iteration  268, (  47,  0,  0), Obj 2.284016E+04, NetCrossing 1.228E+02, NetCrossingWeight 0.000000E+00, DensityWeight 5.977252E-03, HPWL 2.285981E+04, Overflow 1.081795E-01, MaxDensity 2.500E+00, MacroOverlap 9.937E-01, MacroOverlapWeight 8.000000E-06, gamma 7.974072E-01, time 1.160ms
[INFO   ] DREAMPlace - full step 24.282 ms
[INFO   ] DREAMPlace - optimizer step 4.996 ms
[INFO   ] DREAMPlace - iteration  269, (  47,  0,  1), Obj 5.098749E+04, NetCrossing 1.412E+02, NetCrossingWeight 0.000000E+00, DensityWeight 5.977252E-03, HPWL 5.098976E+04, Overflow 1.235252E-01, MaxDensity 2.298E+00, MacroOverlap 1.567E+00, MacroOverlapWeight 8.000000E-06, gamma 7.974072E-01, time 1.333ms
[INFO   ] DREAMPlace - full step 7.088 ms
[INFO   ] DREAMPlace - Lsub stopping criteria: 1 and 50987.5 > 22840.2 * 0.999
[INFO   ] DREAMPlace - optimizer step 4.686 ms
[INFO   ] DREAMPlace - iteration  270, (  47,  1,  0), Obj 2.650577E+04, NetCrossing 1.014E+02, NetCrossingWeight 0.000000E+00, DensityWeight 6.262486E-03, HPWL 2.651397E+04, Overflow 1.031178E-01, MaxDensity 2.447E+00, MacroOverlap 1.184E+00, MacroOverlapWeight 8.000000E-06, gamma 7.974072E-01, time 1.286ms
[INFO   ] DREAMPlace - full step 6.628 ms
[INFO   ] DREAMPlace - optimizer step 5.316 ms
[INFO   ] DREAMPlace - iteration  271, (  47,  1,  1), Obj 6.233069E+04, NetCrossing 1.478E+02, NetCrossingWeight 0.000000E+00, DensityWeight 6.262486E-03, HPWL 6.232960E+04, Overflow 1.365502E-01, MaxDensity 2.250E+00, MacroOverlap 7.439E-01, MacroOverlapWeight 8.000000E-06, gamma 7.974072E-01, time 1.216ms
[INFO   ] DREAMPlace - full step 7.219 ms
[INFO   ] DREAMPlace - Lsub stopping criteria: 1 and 62330.7 > 26505.8 * 0.999
[INFO   ] DREAMPlace - Llambda stopping criteria: 1 and (( 0.13655 < 0.1 and 62329.6 > 50989.8 ) or 2.24953 < 1.0)
[INFO   ] DREAMPlace - optimizer step 4.935 ms
[INFO   ] DREAMPlace - iteration  272, (  48,  0,  0), Obj 2.578570E+04, NetCrossing 1.289E+02, NetCrossingWeight 0.000000E+00, DensityWeight 6.565224E-03, HPWL 2.579104E+04, Overflow 1.154720E-01, MaxDensity 2.060E+00, MacroOverlap 1.161E+00, MacroOverlapWeight 8.000000E-06, gamma 8.288872E-01, time 1.228ms
[INFO   ] DREAMPlace - full step 6.805 ms
[INFO   ] DREAMPlace - optimizer step 4.829 ms
[INFO   ] DREAMPlace - iteration  273, (  48,  0,  1), Obj 1.010602E+05, NetCrossing 1.923E+02, NetCrossingWeight 0.000000E+00, DensityWeight 6.565224E-03, HPWL 1.010587E+05, Overflow 5.559014E-02, MaxDensity 1.609E+00, MacroOverlap 1.361E-01, MacroOverlapWeight 8.000000E-06, gamma 8.288872E-01, time 1.323ms
[INFO   ] DREAMPlace - full step 6.820 ms
[INFO   ] DREAMPlace - Lsub stopping criteria: 1 and 101060 > 25785.7 * 0.999
[INFO   ] DREAMPlace - optimizer step 17.751 ms
[INFO   ] DREAMPlace - iteration  274, (  48,  1,  0), Obj 5.013033E+04, NetCrossing 1.323E+02, NetCrossingWeight 0.000000E+00, DensityWeight 6.856369E-03, HPWL 5.013048E+04, Overflow 6.628666E-02, MaxDensity 1.638E+00, MacroOverlap 8.895E-01, MacroOverlapWeight 8.000000E-06, gamma 8.288872E-01, time 1.407ms
[INFO   ] DREAMPlace - full step 19.825 ms
[INFO   ] DREAMPlace - optimizer step 8.285 ms
[INFO   ] DREAMPlace - iteration  275, (  48,  1,  1), Obj 9.357211E+04, NetCrossing 1.460E+02, NetCrossingWeight 0.000000E+00, DensityWeight 6.856369E-03, HPWL 9.359345E+04, Overflow 1.267470E-01, MaxDensity 1.787E+00, MacroOverlap 7.983E-01, MacroOverlapWeight 8.000000E-06, gamma 8.288872E-01, time 1.069ms
[INFO   ] DREAMPlace - full step 9.992 ms
[INFO   ] DREAMPlace - Lsub stopping criteria: 1 and 93572.1 > 50130.3 * 0.999
[INFO   ] DREAMPlace - optimizer step 24.358 ms
[INFO   ] DREAMPlace - iteration  276, (  48,  2,  0), Obj 4.694616E+04, NetCrossing 1.522E+02, NetCrossingWeight 0.000000E+00, DensityWeight 7.100516E-03, HPWL 4.696947E+04, Overflow 1.187228E-01, MaxDensity 2.316E+00, MacroOverlap 9.359E-01, MacroOverlapWeight 8.000000E-06, gamma 8.288872E-01, time 1.044ms
[INFO   ] DREAMPlace - full step 26.030 ms
[INFO   ] DREAMPlace - optimizer step 14.418 ms
[INFO   ] DREAMPlace - iteration  277, (  48,  2,  1), Obj 6.899444E+04, NetCrossing 1.882E+02, NetCrossingWeight 0.000000E+00, DensityWeight 7.100516E-03, HPWL 6.899377E+04, Overflow 7.357232E-02, MaxDensity 1.500E+00, MacroOverlap 2.232E-01, MacroOverlapWeight 8.000000E-06, gamma 8.288872E-01, time 1.039ms
[INFO   ] DREAMPlace - full step 16.107 ms
[INFO   ] DREAMPlace - Lsub stopping criteria: 1 and 68994.4 > 46946.2 * 0.999
[INFO   ] DREAMPlace - optimizer step 30.627 ms
[INFO   ] DREAMPlace - iteration  278, (  48,  3,  0), Obj 6.878102E+04, NetCrossing 1.883E+02, NetCrossingWeight 0.000000E+00, DensityWeight 7.352621E-03, HPWL 6.878088E+04, Overflow 7.385521E-02, MaxDensity 1.391E+00, MacroOverlap 1.822E-01, MacroOverlapWeight 8.000000E-06, gamma 8.288872E-01, time 1.113ms
[INFO   ] DREAMPlace - full step 32.380 ms
[INFO   ] DREAMPlace - optimizer step 8.059 ms
[INFO   ] DREAMPlace - iteration  279, (  48,  3,  1), Obj 5.019558E+04, NetCrossing 1.555E+02, NetCrossingWeight 0.000000E+00, DensityWeight 7.352621E-03, HPWL 5.019665E+04, Overflow 1.157054E-01, MaxDensity 1.952E+00, MacroOverlap 1.314E+00, MacroOverlapWeight 8.000000E-06, gamma 8.288872E-01, time 1.042ms
[INFO   ] DREAMPlace - full step 9.664 ms
[INFO   ] DREAMPlace - optimizer step 5.079 ms
[INFO   ] DREAMPlace - iteration  280, (  48,  4,  0), Obj 4.951005E+04, NetCrossing 1.236E+02, NetCrossingWeight 0.000000E+00, DensityWeight 7.612917E-03, HPWL 4.951017E+04, Overflow 1.061833E-01, MaxDensity 1.485E+00, MacroOverlap 8.894E-01, MacroOverlapWeight 8.000000E-06, gamma 8.288872E-01, time 1.056ms
[INFO   ] DREAMPlace - full step 6.733 ms
[INFO   ] DREAMPlace - optimizer step 4.636 ms
[INFO   ] DREAMPlace - iteration  281, (  48,  4,  1), Obj 7.898474E+04, NetCrossing 1.193E+02, NetCrossingWeight 0.000000E+00, DensityWeight 7.612917E-03, HPWL 7.898378E+04, Overflow 1.099760E-01, MaxDensity 1.202E+00, MacroOverlap 5.726E-01, MacroOverlapWeight 8.000000E-06, gamma 8.288872E-01, time 1.166ms
[INFO   ] DREAMPlace - full step 6.456 ms
[INFO   ] DREAMPlace - Lsub stopping criteria: 1 and 78984.7 > 49510 * 0.999
[INFO   ] DREAMPlace - Llambda stopping criteria: 4 and (( 0.109976 < 0.1 and 78983.8 > 50196.6 ) or 1.2016 < 1.0)
[INFO   ] DREAMPlace - optimizer step 5.003 ms
[INFO   ] DREAMPlace - iteration  282, (  49,  0,  0), Obj 4.188760E+04, NetCrossing 1.802E+02, NetCrossingWeight 0.000000E+00, DensityWeight 7.961549E-03, HPWL 4.190348E+04, Overflow 1.102298E-01, MaxDensity 1.500E+00, MacroOverlap 1.033E+00, MacroOverlapWeight 8.000000E-06, gamma 7.235053E-01, time 1.276ms
[INFO   ] DREAMPlace - full step 6.934 ms
[INFO   ] DREAMPlace - optimizer step 4.672 ms
[INFO   ] DREAMPlace - iteration  283, (  49,  0,  1), Obj 8.685901E+04, NetCrossing 1.562E+02, NetCrossingWeight 0.000000E+00, DensityWeight 7.961549E-03, HPWL 8.685721E+04, Overflow 1.138692E-01, MaxDensity 1.500E+00, MacroOverlap 1.288E+00, MacroOverlapWeight 8.000000E-06, gamma 7.235053E-01, time 1.379ms
[INFO   ] DREAMPlace - full step 6.720 ms
[INFO   ] DREAMPlace - Lsub stopping criteria: 1 and 86859 > 41887.6 * 0.999
[INFO   ] DREAMPlace - optimizer step 16.267 ms
[INFO   ] DREAMPlace - iteration  284, (  49,  1,  0), Obj 5.461035E+04, NetCrossing 1.314E+02, NetCrossingWeight 0.000000E+00, DensityWeight 8.350456E-03, HPWL 5.460861E+04, Overflow 1.000087E-01, MaxDensity 1.989E+00, MacroOverlap 1.050E+00, MacroOverlapWeight 8.000000E-06, gamma 7.235053E-01, time 1.168ms
[INFO   ] DREAMPlace - full step 18.089 ms
[INFO   ] DREAMPlace - optimizer step 4.064 ms
[INFO   ] DREAMPlace - iteration  285, (  49,  1,  1), Obj 7.137385E+04, NetCrossing 1.475E+02, NetCrossingWeight 0.000000E+00, DensityWeight 8.350456E-03, HPWL 7.137312E+04, Overflow 8.562665E-02, MaxDensity 1.437E+00, MacroOverlap 4.145E-01, MacroOverlapWeight 8.000000E-06, gamma 7.235053E-01, time 1.089ms
[INFO   ] DREAMPlace - full step 5.792 ms
[INFO   ] DREAMPlace - Lsub stopping criteria: 1 and 71373.9 > 54610.3 * 0.999
[INFO   ] DREAMPlace - optimizer step 8.579 ms
[INFO   ] DREAMPlace - iteration  286, (  49,  2,  0), Obj 4.767952E+04, NetCrossing 1.778E+02, NetCrossingWeight 0.000000E+00, DensityWeight 8.643484E-03, HPWL 4.768026E+04, Overflow 8.080610E-02, MaxDensity 1.500E+00, MacroOverlap 7.491E-01, MacroOverlapWeight 8.000000E-06, gamma 7.235053E-01, time 1.055ms
[INFO   ] DREAMPlace - full step 10.240 ms
[INFO   ] DREAMPlace - optimizer step 4.720 ms
[INFO   ] DREAMPlace - iteration  287, (  49,  2,  1), Obj 7.607099E+04, NetCrossing 1.521E+02, NetCrossingWeight 0.000000E+00, DensityWeight 8.643484E-03, HPWL 7.606926E+04, Overflow 9.827195E-02, MaxDensity 1.579E+00, MacroOverlap 4.743E-01, MacroOverlapWeight 8.000000E-06, gamma 7.235053E-01, time 1.084ms
[INFO   ] DREAMPlace - full step 6.444 ms
[INFO   ] DREAMPlace - Lsub stopping criteria: 1 and 76071 > 47679.5 * 0.999
[INFO   ] DREAMPlace - Llambda stopping criteria: 2 and (( 0.098272 < 0.1 and 76069.3 > 71373.1 ) or 1.57933 < 1.0)
[INFO   ] DREAMPlace - optimizer step 4.474 ms
[INFO   ] DREAMPlace - iteration  288, (  50,  0,  0), Obj 7.181159E+04, NetCrossing 1.303E+02, NetCrossingWeight 0.000000E+00, DensityWeight 9.069718E-03, HPWL 7.180978E+04, Overflow 7.952791E-02, MaxDensity 1.519E+00, MacroOverlap 7.230E-01, MacroOverlapWeight 8.000000E-06, gamma 6.814479E-01, time 1.120ms
[INFO   ] DREAMPlace - full step 6.224 ms
[INFO   ] DREAMPlace - optimizer step 16.261 ms
[INFO   ] DREAMPlace - iteration  289, (  50,  0,  1), Obj 7.884083E+04, NetCrossing 1.722E+02, NetCrossingWeight 0.000000E+00, DensityWeight 9.069718E-03, HPWL 7.883976E+04, Overflow 1.027098E-01, MaxDensity 1.500E+00, MacroOverlap 5.445E-01, MacroOverlapWeight 8.000000E-06, gamma 6.814479E-01, time 1.497ms
[INFO   ] DREAMPlace - full step 18.541 ms
[INFO   ] DREAMPlace - Lsub stopping criteria: 1 and 78840.8 > 71811.6 * 0.999
[INFO   ] DREAMPlace - optimizer step 8.889 ms
[INFO   ] DREAMPlace - iteration  290, (  50,  1,  0), Obj 6.193845E+04, NetCrossing 1.767E+02, NetCrossingWeight 0.000000E+00, DensityWeight 9.519527E-03, HPWL 6.193927E+04, Overflow 1.084825E-01, MaxDensity 2.000E+00, MacroOverlap 5.775E-01, MacroOverlapWeight 8.000000E-06, gamma 6.814479E-01, time 1.336ms
[INFO   ] DREAMPlace - full step 11.044 ms
[INFO   ] DREAMPlace - optimizer step 4.110 ms
[INFO   ] DREAMPlace - iteration  291, (  50,  1,  1), Obj 2.844143E+04, NetCrossing 1.232E+02, NetCrossingWeight 0.000000E+00, DensityWeight 9.519527E-03, HPWL 2.847242E+04, Overflow 1.043680E-01, MaxDensity 2.106E+00, MacroOverlap 1.756E+00, MacroOverlapWeight 8.000000E-06, gamma 6.814479E-01, time 1.106ms
[INFO   ] DREAMPlace - full step 5.833 ms
[INFO   ] DREAMPlace - optimizer step 4.433 ms
[INFO   ] DREAMPlace - iteration  292, (  50,  2,  0), Obj 7.274922E+04, NetCrossing 1.215E+02, NetCrossingWeight 0.000000E+00, DensityWeight 9.850622E-03, HPWL 7.274806E+04, Overflow 7.385291E-02, MaxDensity 1.884E+00, MacroOverlap 7.754E-01, MacroOverlapWeight 8.000000E-06, gamma 6.814479E-01, time 1.124ms
[INFO   ] DREAMPlace - full step 6.186 ms
[INFO   ] DREAMPlace - optimizer step 14.419 ms
[INFO   ] DREAMPlace - iteration  293, (  50,  2,  1), Obj 5.382662E+04, NetCrossing 1.210E+02, NetCrossingWeight 0.000000E+00, DensityWeight 9.850622E-03, HPWL 5.382410E+04, Overflow 1.066304E-01, MaxDensity 2.000E+00, MacroOverlap 1.029E+00, MacroOverlapWeight 8.000000E-06, gamma 6.814479E-01, time 1.152ms
[INFO   ] DREAMPlace - full step 17.324 ms
[INFO   ] DREAMPlace - Llambda stopping criteria: 2 and (( 0.10663 < 0.1 and 53824.1 > 28472.4 ) or 2 < 1.0)
[INFO   ] DREAMPlace - optimizer step 4.313 ms
[INFO   ] DREAMPlace - iteration  294, (  51,  0,  0), Obj 3.087451E+04, NetCrossing 1.085E+02, NetCrossingWeight 0.000000E+00, DensityWeight 1.030666E-02, HPWL 3.091304E+04, Overflow 1.176417E-01, MaxDensity 1.939E+00, MacroOverlap 1.649E+00, MacroOverlapWeight 8.000000E-06, gamma 7.112247E-01, time 1.372ms
[INFO   ] DREAMPlace - full step 8.033 ms
[INFO   ] DREAMPlace - optimizer step 4.410 ms
[INFO   ] DREAMPlace - iteration  295, (  51,  0,  1), Obj 5.508827E+04, NetCrossing 1.608E+02, NetCrossingWeight 0.000000E+00, DensityWeight 1.030666E-02, HPWL 5.508973E+04, Overflow 1.119362E-01, MaxDensity 2.000E+00, MacroOverlap 9.484E-01, MacroOverlapWeight 8.000000E-06, gamma 7.112247E-01, time 1.316ms
[INFO   ] DREAMPlace - full step 6.391 ms
[INFO   ] DREAMPlace - Lsub stopping criteria: 1 and 55088.3 > 30874.5 * 0.999
[INFO   ] DREAMPlace - optimizer step 4.226 ms
[INFO   ] DREAMPlace - iteration  296, (  51,  1,  0), Obj 4.529234E+04, NetCrossing 1.434E+02, NetCrossingWeight 0.000000E+00, DensityWeight 1.082009E-02, HPWL 4.529221E+04, Overflow 1.194381E-01, MaxDensity 1.867E+00, MacroOverlap 1.091E+00, MacroOverlapWeight 8.000000E-06, gamma 7.112247E-01, time 1.079ms
[INFO   ] DREAMPlace - full step 5.875 ms
[INFO   ] DREAMPlace - optimizer step 4.635 ms
[INFO   ] DREAMPlace - iteration  297, (  51,  1,  1), Obj 7.358008E+04, NetCrossing 1.165E+02, NetCrossingWeight 0.000000E+00, DensityWeight 1.082009E-02, HPWL 7.357888E+04, Overflow 7.938869E-02, MaxDensity 1.779E+00, MacroOverlap 3.393E-01, MacroOverlapWeight 8.000000E-06, gamma 7.112247E-01, time 1.074ms
[INFO   ] DREAMPlace - full step 6.311 ms
[INFO   ] DREAMPlace - Lsub stopping criteria: 1 and 73580.1 > 45292.3 * 0.999
[INFO   ] DREAMPlace - Llambda stopping criteria: 1 and (( 0.0793887 < 0.1 and 73578.9 > 55089.7 ) or 1.779 < 1.0)
[INFO   ] DREAMPlace - optimizer step 13.754 ms
[INFO   ] DREAMPlace - iteration  298, (  52,  0,  0), Obj 3.604437E+04, NetCrossing 1.146E+02, NetCrossingWeight 0.000000E+00, DensityWeight 1.133185E-02, HPWL 3.604519E+04, Overflow 9.276260E-02, MaxDensity 1.507E+00, MacroOverlap 3.818E-01, MacroOverlapWeight 8.000000E-06, gamma 6.186852E-01, time 1.331ms
[INFO   ] DREAMPlace - full step 15.763 ms
[INFO   ] DREAMPlace - optimizer step 5.529 ms
[INFO   ] DREAMPlace - iteration  299, (  52,  0,  1), Obj 7.026012E+04, NetCrossing 1.619E+02, NetCrossingWeight 0.000000E+00, DensityWeight 1.133185E-02, HPWL 7.025792E+04, Overflow 8.748147E-02, MaxDensity 1.713E+00, MacroOverlap 7.528E-01, MacroOverlapWeight 8.000000E-06, gamma 6.186852E-01, time 1.584ms
[INFO   ] DREAMPlace - full step 7.866 ms
[INFO   ] DREAMPlace - Lsub stopping criteria: 1 and 70260.1 > 36044.4 * 0.999
[INFO   ] DREAMPlace - optimizer step 4.606 ms
[INFO   ] DREAMPlace - iteration  300, (  52,  1,  0), Obj 3.588779E+04, NetCrossing 1.393E+02, NetCrossingWeight 0.000000E+00, DensityWeight 1.172128E-02, HPWL 3.588665E+04, Overflow 6.665359E-02, MaxDensity 1.376E+00, MacroOverlap 1.395E-01, MacroOverlapWeight 8.000000E-06, gamma 6.186852E-01, time 1.720ms
[INFO   ] DREAMPlace - full step 7.113 ms
[INFO   ] DREAMPlace - optimizer step 4.109 ms
[INFO   ] DREAMPlace - iteration  301, (  52,  1,  1), Obj 9.064298E+04, NetCrossing 1.391E+02, NetCrossingWeight 0.000000E+00, DensityWeight 1.172128E-02, HPWL 9.064060E+04, Overflow 1.167847E-01, MaxDensity 2.000E+00, MacroOverlap 8.171E-01, MacroOverlapWeight 8.000000E-06, gamma 6.186852E-01, time 1.093ms
[INFO   ] DREAMPlace - full step 5.790 ms
[INFO   ] DREAMPlace - Lsub stopping criteria: 1 and 90643 > 35887.8 * 0.999
[INFO   ] DREAMPlace - Llambda stopping criteria: 1 and (( 0.116785 < 0.1 and 90640.6 > 70257.9 ) or 2 < 1.0)
[INFO   ] DREAMPlace - optimizer step 4.155 ms
[INFO   ] DREAMPlace - iteration  302, (  53,  0,  0), Obj 4.151681E+04, NetCrossing 1.240E+02, NetCrossingWeight 0.000000E+00, DensityWeight 1.227243E-02, HPWL 4.151308E+04, Overflow 7.293420E-02, MaxDensity 1.500E+00, MacroOverlap 1.454E-01, MacroOverlapWeight 8.000000E-06, gamma 7.491558E-01, time 1.043ms
[INFO   ] DREAMPlace - full step 5.724 ms
[INFO   ] DREAMPlace - optimizer step 4.354 ms
[INFO   ] DREAMPlace - iteration  303, (  53,  0,  1), Obj 9.482181E+04, NetCrossing 1.590E+02, NetCrossingWeight 0.000000E+00, DensityWeight 1.227243E-02, HPWL 9.481763E+04, Overflow 7.645625E-02, MaxDensity 1.543E+00, MacroOverlap 2.369E-01, MacroOverlapWeight 8.000000E-06, gamma 7.491558E-01, time 1.114ms
[INFO   ] DREAMPlace - full step 6.159 ms
[INFO   ] DREAMPlace - Lsub stopping criteria: 1 and 94821.8 > 41516.8 * 0.999
[INFO   ] DREAMPlace - optimizer step 14.497 ms
[INFO   ] DREAMPlace - iteration  304, (  53,  1,  0), Obj 2.296179E+04, NetCrossing 1.246E+02, NetCrossingWeight 0.000000E+00, DensityWeight 1.287855E-02, HPWL 2.297669E+04, Overflow 8.385210E-02, MaxDensity 2.000E+00, MacroOverlap 9.203E-01, MacroOverlapWeight 8.000000E-06, gamma 7.491558E-01, time 1.449ms
[INFO   ] DREAMPlace - full step 16.614 ms
[INFO   ] DREAMPlace - optimizer step 5.125 ms
[INFO   ] DREAMPlace - iteration  305, (  53,  1,  1), Obj 1.207284E+05, NetCrossing 1.405E+02, NetCrossingWeight 0.000000E+00, DensityWeight 1.287855E-02, HPWL 1.207219E+05, Overflow 9.524571E-02, MaxDensity 1.500E+00, MacroOverlap 1.430E-01, MacroOverlapWeight 8.000000E-06, gamma 7.491558E-01, time 1.138ms
[INFO   ] DREAMPlace - full step 6.910 ms
[INFO   ] DREAMPlace - Lsub stopping criteria: 1 and 120728 > 22961.8 * 0.999
[INFO   ] DREAMPlace - Llambda stopping criteria: 1 and (( 0.0952457 < 0.1 and 120722 > 94817.6 ) or 1.5 < 1.0)
[INFO   ] DREAMPlace - optimizer step 20.925 ms
[INFO   ] DREAMPlace - iteration  306, (  54,  0,  0), Obj 5.203427E+04, NetCrossing 1.210E+02, NetCrossingWeight 0.000000E+00, DensityWeight 1.347373E-02, HPWL 5.203181E+04, Overflow 8.659493E-02, MaxDensity 1.748E+00, MacroOverlap 1.494E-01, MacroOverlapWeight 8.000000E-06, gamma 6.709771E-01, time 1.403ms
[INFO   ] DREAMPlace - full step 23.074 ms
[INFO   ] DREAMPlace - optimizer step 9.092 ms
[INFO   ] DREAMPlace - iteration  307, (  54,  0,  1), Obj 7.891096E+04, NetCrossing 1.682E+02, NetCrossingWeight 0.000000E+00, DensityWeight 1.347373E-02, HPWL 7.890452E+04, Overflow 1.033481E-01, MaxDensity 1.961E+00, MacroOverlap 1.006E+00, MacroOverlapWeight 8.000000E-06, gamma 6.709771E-01, time 1.117ms
[INFO   ] DREAMPlace - full step 10.877 ms
[INFO   ] DREAMPlace - Lsub stopping criteria: 1 and 78911 > 52034.3 * 0.999
[INFO   ] DREAMPlace - optimizer step 18.202 ms
[INFO   ] DREAMPlace - iteration  308, (  54,  1,  0), Obj 3.212255E+04, NetCrossing 1.337E+02, NetCrossingWeight 0.000000E+00, DensityWeight 1.393121E-02, HPWL 3.212043E+04, Overflow 8.326604E-02, MaxDensity 1.500E+00, MacroOverlap 3.817E-01, MacroOverlapWeight 8.000000E-06, gamma 6.709771E-01, time 1.213ms
[INFO   ] DREAMPlace - full step 20.145 ms
[INFO   ] DREAMPlace - optimizer step 4.882 ms
[INFO   ] DREAMPlace - iteration  309, (  54,  1,  1), Obj 9.116196E+04, NetCrossing 1.357E+02, NetCrossingWeight 0.000000E+00, DensityWeight 1.393121E-02, HPWL 9.115639E+04, Overflow 1.123445E-01, MaxDensity 1.625E+00, MacroOverlap 5.496E-01, MacroOverlapWeight 8.000000E-06, gamma 6.709771E-01, time 1.338ms
[INFO   ] DREAMPlace - full step 6.852 ms
[INFO   ] DREAMPlace - Lsub stopping criteria: 1 and 91162 > 32122.6 * 0.999
[INFO   ] DREAMPlace - Llambda stopping criteria: 1 and (( 0.112345 < 0.1 and 91156.4 > 78904.5 ) or 1.6251 < 1.0)
[INFO   ] DREAMPlace - optimizer step 8.006 ms
[INFO   ] DREAMPlace - iteration  310, (  55,  0,  0), Obj 3.737175E+04, NetCrossing 1.060E+02, NetCrossingWeight 0.000000E+00, DensityWeight 1.460280E-02, HPWL 3.737663E+04, Overflow 9.528426E-02, MaxDensity 1.516E+00, MacroOverlap 1.466E+00, MacroOverlapWeight 8.000000E-06, gamma 7.323270E-01, time 1.044ms
[INFO   ] DREAMPlace - full step 9.602 ms
[INFO   ] DREAMPlace - optimizer step 4.175 ms
[INFO   ] DREAMPlace - iteration  311, (  55,  0,  1), Obj 1.201510E+05, NetCrossing 1.685E+02, NetCrossingWeight 0.000000E+00, DensityWeight 1.460280E-02, HPWL 1.201393E+05, Overflow 5.696121E-02, MaxDensity 1.236E+00, MacroOverlap 7.300E-02, MacroOverlapWeight 8.000000E-06, gamma 7.323270E-01, time 1.086ms
[INFO   ] DREAMPlace - full step 5.799 ms
[INFO   ] DREAMPlace - Lsub stopping criteria: 1 and 120151 > 37371.7 * 0.999
[INFO   ] DREAMPlace - optimizer step 23.419 ms
[INFO   ] DREAMPlace - iteration  312, (  55,  1,  0), Obj 3.991582E+04, NetCrossing 1.450E+02, NetCrossingWeight 0.000000E+00, DensityWeight 1.527112E-02, HPWL 3.991202E+04, Overflow 8.874562E-02, MaxDensity 1.692E+00, MacroOverlap 2.124E-01, MacroOverlapWeight 8.000000E-06, gamma 7.323270E-01, time 1.478ms
[INFO   ] DREAMPlace - full step 25.575 ms
[INFO   ] DREAMPlace - optimizer step 4.965 ms
[INFO   ] DREAMPlace - iteration  313, (  55,  1,  1), Obj 8.743638E+04, NetCrossing 1.307E+02, NetCrossingWeight 0.000000E+00, DensityWeight 1.527112E-02, HPWL 8.743125E+04, Overflow 1.094873E-01, MaxDensity 1.812E+00, MacroOverlap 6.259E-01, MacroOverlapWeight 8.000000E-06, gamma 7.323270E-01, time 1.259ms
[INFO   ] DREAMPlace - full step 6.895 ms
[INFO   ] DREAMPlace - Lsub stopping criteria: 1 and 87436.4 > 39915.8 * 0.999
[INFO   ] DREAMPlace - optimizer step 13.428 ms
[INFO   ] DREAMPlace - iteration  314, (  55,  2,  0), Obj 2.688533E+04, NetCrossing 9.561E+01, NetCrossingWeight 0.000000E+00, DensityWeight 1.578488E-02, HPWL 2.688320E+04, Overflow 9.536607E-02, MaxDensity 1.725E+00, MacroOverlap 8.612E-01, MacroOverlapWeight 8.000000E-06, gamma 7.323270E-01, time 1.114ms
[INFO   ] DREAMPlace - full step 15.204 ms
[INFO   ] DREAMPlace - optimizer step 4.218 ms
[INFO   ] DREAMPlace - iteration  315, (  55,  2,  1), Obj 1.202172E+05, NetCrossing 1.559E+02, NetCrossingWeight 0.000000E+00, DensityWeight 1.578488E-02, HPWL 1.202070E+05, Overflow 6.491226E-02, MaxDensity 1.310E+00, MacroOverlap 2.030E-01, MacroOverlapWeight 8.000000E-06, gamma 7.323270E-01, time 1.121ms
[INFO   ] DREAMPlace - full step 5.936 ms
[INFO   ] DREAMPlace - Lsub stopping criteria: 1 and 120217 > 26885.3 * 0.999
[INFO   ] DREAMPlace - Llambda stopping criteria: 2 and (( 0.0649123 < 0.1 and 120207 > 87431.2 ) or 1.30957 < 1.0)
[INFO   ] DREAMPlace - optimizer step 7.899 ms
[INFO   ] DREAMPlace - iteration  316, (  56,  0,  0), Obj 4.176532E+04, NetCrossing 1.545E+02, NetCrossingWeight 0.000000E+00, DensityWeight 1.649857E-02, HPWL 4.177434E+04, Overflow 9.916689E-02, MaxDensity 2.107E+00, MacroOverlap 7.446E-01, MacroOverlapWeight 8.000000E-06, gamma 5.745131E-01, time 1.078ms
[INFO   ] DREAMPlace - full step 9.540 ms
[INFO   ] DREAMPlace - optimizer step 4.511 ms
[INFO   ] DREAMPlace - iteration  317, (  56,  0,  1), Obj 1.116036E+05, NetCrossing 1.187E+02, NetCrossingWeight 0.000000E+00, DensityWeight 1.649857E-02, HPWL 1.115958E+05, Overflow 9.746054E-02, MaxDensity 1.500E+00, MacroOverlap 8.547E-01, MacroOverlapWeight 8.000000E-06, gamma 5.745131E-01, time 1.054ms
[INFO   ] DREAMPlace - full step 6.156 ms
[INFO   ] DREAMPlace - Lsub stopping criteria: 1 and 111604 > 41765.3 * 0.999
[INFO   ] DREAMPlace - optimizer step 12.135 ms
[INFO   ] DREAMPlace - iteration  318, (  56,  1,  0), Obj 3.721031E+04, NetCrossing 8.912E+01, NetCrossingWeight 0.000000E+00, DensityWeight 1.705022E-02, HPWL 3.720205E+04, Overflow 1.095696E-01, MaxDensity 1.500E+00, MacroOverlap 1.434E+00, MacroOverlapWeight 8.000000E-06, gamma 5.745131E-01, time 1.506ms
[INFO   ] DREAMPlace - full step 23.006 ms
[INFO   ] DREAMPlace - optimizer step 5.020 ms
[INFO   ] DREAMPlace - iteration  319, (  56,  1,  1), Obj 1.057026E+05, NetCrossing 1.625E+02, NetCrossingWeight 0.000000E+00, DensityWeight 1.705022E-02, HPWL 1.056968E+05, Overflow 7.600973E-02, MaxDensity 1.500E+00, MacroOverlap 3.707E-01, MacroOverlapWeight 8.000000E-06, gamma 5.745131E-01, time 1.171ms
[INFO   ] DREAMPlace - full step 6.853 ms
[INFO   ] DREAMPlace - Lsub stopping criteria: 1 and 105703 > 37210.3 * 0.999
[INFO   ] DREAMPlace - optimizer step 5.296 ms
[INFO   ] DREAMPlace - iteration  320, (  56,  2,  0), Obj 3.649929E+04, NetCrossing 1.144E+02, NetCrossingWeight 0.000000E+00, DensityWeight 1.761856E-02, HPWL 3.649431E+04, Overflow 9.963948E-02, MaxDensity 1.581E+00, MacroOverlap 4.635E-01, MacroOverlapWeight 8.000000E-06, gamma 5.745131E-01, time 1.193ms
[INFO   ] DREAMPlace - full step 7.211 ms
[INFO   ] DREAMPlace - optimizer step 8.213 ms
[INFO   ] DREAMPlace - iteration  321, (  56,  2,  1), Obj 8.805252E+04, NetCrossing 1.896E+02, NetCrossingWeight 0.000000E+00, DensityWeight 1.761856E-02, HPWL 8.804861E+04, Overflow 8.020718E-02, MaxDensity 1.441E+00, MacroOverlap 4.877E-01, MacroOverlapWeight 8.000000E-06, gamma 5.745131E-01, time 1.108ms
[INFO   ] DREAMPlace - full step 32.789 ms
[INFO   ] DREAMPlace - Lsub stopping criteria: 1 and 88052.5 > 36499.3 * 0.999
[INFO   ] DREAMPlace - optimizer step 16.313 ms
[INFO   ] DREAMPlace - iteration  322, (  56,  3,  0), Obj 4.119756E+04, NetCrossing 9.773E+01, NetCrossingWeight 0.000000E+00, DensityWeight 1.820401E-02, HPWL 4.119551E+04, Overflow 8.186331E-02, MaxDensity 1.262E+00, MacroOverlap 3.765E-01, MacroOverlapWeight 8.000000E-06, gamma 5.745131E-01, time 1.149ms
[INFO   ] DREAMPlace - full step 18.152 ms
[INFO   ] DREAMPlace - optimizer step 4.353 ms
[INFO   ] DREAMPlace - iteration  323, (  56,  3,  1), Obj 7.712756E+04, NetCrossing 1.270E+02, NetCrossingWeight 0.000000E+00, DensityWeight 1.820401E-02, HPWL 7.712230E+04, Overflow 7.561000E-02, MaxDensity 1.500E+00, MacroOverlap 5.163E-01, MacroOverlapWeight 8.000000E-06, gamma 5.745131E-01, time 1.553ms
[INFO   ] DREAMPlace - full step 6.586 ms
[INFO   ] DREAMPlace - Lsub stopping criteria: 1 and 77127.6 > 41197.6 * 0.999
[INFO   ] DREAMPlace - optimizer step 4.195 ms
[INFO   ] DREAMPlace - iteration  324, (  56,  4,  0), Obj 3.567344E+04, NetCrossing 1.022E+02, NetCrossingWeight 0.000000E+00, DensityWeight 1.880704E-02, HPWL 3.567020E+04, Overflow 8.299745E-02, MaxDensity 1.500E+00, MacroOverlap 1.210E+00, MacroOverlapWeight 8.000000E-06, gamma 5.745131E-01, time 1.096ms
[INFO   ] DREAMPlace - full step 5.857 ms
[INFO   ] DREAMPlace - optimizer step 3.979 ms
[INFO   ] DREAMPlace - iteration  325, (  56,  4,  1), Obj 1.075545E+05, NetCrossing 1.894E+02, NetCrossingWeight 0.000000E+00, DensityWeight 1.880704E-02, HPWL 1.075477E+05, Overflow 5.054240E-02, MaxDensity 1.000E+00, MacroOverlap 1.672E-01, MacroOverlapWeight 8.000000E-06, gamma 5.745131E-01, time 1.035ms
[INFO   ] DREAMPlace - full step 5.566 ms
[INFO   ] DREAMPlace - Lsub stopping criteria: 1 and 107554 > 35673.4 * 0.999
[INFO   ] DREAMPlace - Llambda stopping criteria: 4 and (( 0.0505424 < 0.1 and 107548 > 77122.3 ) or 1 < 1.0)
[INFO   ] DREAMPlace - optimizer step 12.014 ms
[INFO   ] DREAMPlace - iteration  326, (  57,  0,  0), Obj 3.263245E+04, NetCrossing 1.000E+02, NetCrossingWeight 0.000000E+00, DensityWeight 1.966381E-02, HPWL 3.262494E+04, Overflow 9.923346E-02, MaxDensity 1.500E+00, MacroOverlap 8.878E-01, MacroOverlapWeight 8.000000E-06, gamma 5.337858E-01, time 1.032ms
[INFO   ] DREAMPlace - full step 45.060 ms
[INFO   ] DREAMPlace - optimizer step 4.230 ms
[INFO   ] DREAMPlace - iteration  327, (  57,  0,  1), Obj 9.961353E+04, NetCrossing 1.066E+02, NetCrossingWeight 0.000000E+00, DensityWeight 1.966381E-02, HPWL 9.959977E+04, Overflow 7.698689E-02, MaxDensity 1.383E+00, MacroOverlap 2.832E-01, MacroOverlapWeight 8.000000E-06, gamma 5.337858E-01, time 1.187ms
[INFO   ] DREAMPlace - full step 6.104 ms
[INFO   ] DREAMPlace - Lsub stopping criteria: 1 and 99613.5 > 32632.4 * 0.999
[INFO   ] DREAMPlace - optimizer step 4.058 ms
[INFO   ] DREAMPlace - iteration  328, (  57,  1,  0), Obj 4.128989E+04, NetCrossing 8.964E+01, NetCrossingWeight 0.000000E+00, DensityWeight 2.031114E-02, HPWL 4.128366E+04, Overflow 7.640933E-02, MaxDensity 1.427E+00, MacroOverlap 1.499E-01, MacroOverlapWeight 8.000000E-06, gamma 5.337858E-01, time 1.041ms
[INFO   ] DREAMPlace - full step 5.648 ms
[INFO   ] DREAMPlace - optimizer step 4.262 ms
[INFO   ] DREAMPlace - iteration  329, (  57,  1,  1), Obj 7.648502E+04, NetCrossing 1.507E+02, NetCrossingWeight 0.000000E+00, DensityWeight 2.031114E-02, HPWL 7.647449E+04, Overflow 9.208415E-02, MaxDensity 2.293E+00, MacroOverlap 6.113E-01, MacroOverlapWeight 8.000000E-06, gamma 5.337858E-01, time 1.068ms
[INFO   ] DREAMPlace - full step 22.170 ms
[INFO   ] DREAMPlace - Lsub stopping criteria: 1 and 76485 > 41289.9 * 0.999
[INFO   ] DREAMPlace - optimizer step 4.217 ms
[INFO   ] DREAMPlace - iteration  330, (  57,  2,  0), Obj 3.956552E+04, NetCrossing 9.796E+01, NetCrossingWeight 0.000000E+00, DensityWeight 2.097767E-02, HPWL 3.956650E+04, Overflow 8.064634E-02, MaxDensity 1.266E+00, MacroOverlap 1.718E-01, MacroOverlapWeight 8.000000E-06, gamma 5.337858E-01, time 1.153ms
[INFO   ] DREAMPlace - full step 6.706 ms
[INFO   ] DREAMPlace - optimizer step 4.863 ms
[INFO   ] DREAMPlace - iteration  331, (  57,  2,  1), Obj 1.036236E+05, NetCrossing 9.707E+01, NetCrossingWeight 0.000000E+00, DensityWeight 2.097767E-02, HPWL 1.036149E+05, Overflow 4.606429E-02, MaxDensity 1.000E+00, MacroOverlap 1.022E-01, MacroOverlapWeight 8.000000E-06, gamma 5.337858E-01, time 1.249ms
[INFO   ] DREAMPlace - full step 6.785 ms
[INFO   ] DREAMPlace - Lsub stopping criteria: 1 and 103624 > 39565.5 * 0.999
[INFO   ] DREAMPlace - Llambda stopping criteria: 2 and (( 0.0460643 < 0.1 and 103615 > 76474.5 ) or 1 < 1.0)
[INFO   ] DREAMPlace - optimizer step 8.011 ms
[INFO   ] DREAMPlace - iteration  332, (  58,  0,  0), Obj 4.011591E+04, NetCrossing 8.640E+01, NetCrossingWeight 0.000000E+00, DensityWeight 2.194338E-02, HPWL 4.010366E+04, Overflow 1.029851E-01, MaxDensity 1.500E+00, MacroOverlap 4.180E-01, MacroOverlapWeight 8.000000E-06, gamma 5.216936E-01, time 1.071ms
[INFO   ] DREAMPlace - full step 9.662 ms
[INFO   ] DREAMPlace - optimizer step 4.214 ms
[INFO   ] DREAMPlace - iteration  333, (  58,  0,  1), Obj 8.736143E+04, NetCrossing 1.671E+02, NetCrossingWeight 0.000000E+00, DensityWeight 2.194338E-02, HPWL 8.735373E+04, Overflow 7.153778E-02, MaxDensity 1.500E+00, MacroOverlap 3.497E-01, MacroOverlapWeight 8.000000E-06, gamma 5.216936E-01, time 1.053ms
[INFO   ] DREAMPlace - full step 5.852 ms
[INFO   ] DREAMPlace - Lsub stopping criteria: 1 and 87361.4 > 40115.9 * 0.999
[INFO   ] DREAMPlace - optimizer step 12.239 ms
[INFO   ] DREAMPlace - iteration  334, (  58,  1,  0), Obj 2.142497E+04, NetCrossing 8.805E+01, NetCrossingWeight 0.000000E+00, DensityWeight 2.265895E-02, HPWL 2.146735E+04, Overflow 9.585361E-02, MaxDensity 1.667E+00, MacroOverlap 1.047E+00, MacroOverlapWeight 8.000000E-06, gamma 5.216936E-01, time 1.138ms
[INFO   ] DREAMPlace - full step 14.008 ms
[INFO   ] DREAMPlace - optimizer step 4.243 ms
[INFO   ] DREAMPlace - iteration  335, (  58,  1,  1), Obj 1.048350E+05, NetCrossing 9.408E+01, NetCrossingWeight 0.000000E+00, DensityWeight 2.265895E-02, HPWL 1.048217E+05, Overflow 9.324525E-02, MaxDensity 1.854E+00, MacroOverlap 4.583E-01, MacroOverlapWeight 8.000000E-06, gamma 5.216936E-01, time 1.177ms
[INFO   ] DREAMPlace - full step 6.044 ms
[INFO   ] DREAMPlace - Lsub stopping criteria: 1 and 104835 > 21425 * 0.999
[INFO   ] DREAMPlace - Llambda stopping criteria: 1 and (( 0.0932452 < 0.1 and 104822 > 87353.7 ) or 1.85443 < 1.0)
[INFO   ] DREAMPlace - optimizer step 8.058 ms
[INFO   ] DREAMPlace - iteration  336, (  59,  0,  0), Obj 4.005636E+04, NetCrossing 7.975E+01, NetCrossingWeight 0.000000E+00, DensityWeight 2.373403E-02, HPWL 4.004421E+04, Overflow 7.360880E-02, MaxDensity 1.988E+00, MacroOverlap 1.356E-01, MacroOverlapWeight 8.000000E-06, gamma 6.641438E-01, time 1.070ms
[INFO   ] DREAMPlace - full step 9.746 ms
[INFO   ] DREAMPlace - optimizer step 7.977 ms
[INFO   ] DREAMPlace - iteration  337, (  59,  0,  1), Obj 9.157863E+04, NetCrossing 1.785E+02, NetCrossingWeight 0.000000E+00, DensityWeight 2.373403E-02, HPWL 9.156641E+04, Overflow 9.337682E-02, MaxDensity 1.937E+00, MacroOverlap 1.670E+00, MacroOverlapWeight 8.000000E-06, gamma 6.641438E-01, time 1.136ms
[INFO   ] DREAMPlace - full step 9.731 ms
[INFO   ] DREAMPlace - Lsub stopping criteria: 1 and 91578.6 > 40056.4 * 0.999
[INFO   ] DREAMPlace - optimizer step 4.030 ms
[INFO   ] DREAMPlace - iteration  338, (  59,  1,  0), Obj 3.147635E+04, NetCrossing 9.537E+01, NetCrossingWeight 0.000000E+00, DensityWeight 2.450309E-02, HPWL 3.147555E+04, Overflow 9.028742E-02, MaxDensity 1.814E+00, MacroOverlap 2.641E-01, MacroOverlapWeight 8.000000E-06, gamma 6.641438E-01, time 1.041ms
[INFO   ] DREAMPlace - full step 5.625 ms
[INFO   ] DREAMPlace - optimizer step 4.184 ms
[INFO   ] DREAMPlace - iteration  339, (  59,  1,  1), Obj 1.045963E+05, NetCrossing 9.291E+01, NetCrossingWeight 0.000000E+00, DensityWeight 2.450309E-02, HPWL 1.045858E+05, Overflow 4.946848E-02, MaxDensity 2.000E+00, MacroOverlap 1.091E-01, MacroOverlapWeight 8.000000E-06, gamma 6.641438E-01, time 1.039ms
[INFO   ] DREAMPlace - full step 5.857 ms
[INFO   ] DREAMPlace - Lsub stopping criteria: 1 and 104596 > 31476.4 * 0.999
[INFO   ] DREAMPlace - Llambda stopping criteria: 1 and (( 0.0494685 < 0.1 and 104586 > 91566.4 ) or 2 < 1.0)
[INFO   ] DREAMPlace - optimizer step 8.286 ms
[INFO   ] DREAMPlace - iteration  340, (  60,  0,  0), Obj 4.575269E+04, NetCrossing 7.860E+01, NetCrossingWeight 0.000000E+00, DensityWeight 2.568159E-02, HPWL 4.573615E+04, Overflow 9.421622E-02, MaxDensity 1.914E+00, MacroOverlap 9.367E-01, MacroOverlapWeight 8.000000E-06, gamma 5.308605E-01, time 1.285ms
[INFO   ] DREAMPlace - full step 10.224 ms
[INFO   ] DREAMPlace - optimizer step 4.031 ms
[INFO   ] DREAMPlace - iteration  341, (  60,  0,  1), Obj 1.062722E+05, NetCrossing 1.601E+02, NetCrossingWeight 0.000000E+00, DensityWeight 2.568159E-02, HPWL 1.062552E+05, Overflow 1.017997E-01, MaxDensity 1.500E+00, MacroOverlap 3.169E-01, MacroOverlapWeight 8.000000E-06, gamma 5.308605E-01, time 1.075ms
[INFO   ] DREAMPlace - full step 5.684 ms
[INFO   ] DREAMPlace - Lsub stopping criteria: 1 and 106272 > 45752.7 * 0.999
[INFO   ] DREAMPlace - optimizer step 4.578 ms
[INFO   ] DREAMPlace - iteration  342, (  60,  1,  0), Obj 3.287863E+04, NetCrossing 9.124E+01, NetCrossingWeight 0.000000E+00, DensityWeight 2.695939E-02, HPWL 3.286538E+04, Overflow 9.902736E-02, MaxDensity 1.387E+00, MacroOverlap 4.860E-01, MacroOverlapWeight 8.000000E-06, gamma 5.308605E-01, time 1.066ms
[INFO   ] DREAMPlace - full step 6.191 ms
[INFO   ] DREAMPlace - optimizer step 4.076 ms
[INFO   ] DREAMPlace - iteration  343, (  60,  1,  1), Obj 9.248580E+04, NetCrossing 1.017E+02, NetCrossingWeight 0.000000E+00, DensityWeight 2.695939E-02, HPWL 9.246831E+04, Overflow 7.456399E-02, MaxDensity 2.000E+00, MacroOverlap 3.869E-01, MacroOverlapWeight 8.000000E-06, gamma 5.308605E-01, time 1.087ms
[INFO   ] DREAMPlace - full step 5.714 ms
[INFO   ] DREAMPlace - Lsub stopping criteria: 1 and 92485.8 > 32878.6 * 0.999
[INFO   ] DREAMPlace - optimizer step 4.100 ms
[INFO   ] DREAMPlace - iteration  344, (  60,  2,  0), Obj 3.410403E+04, NetCrossing 8.159E+01, NetCrossingWeight 0.000000E+00, DensityWeight 2.782461E-02, HPWL 3.408612E+04, Overflow 1.164117E-01, MaxDensity 1.968E+00, MacroOverlap 7.184E-01, MacroOverlapWeight 8.000000E-06, gamma 5.308605E-01, time 1.041ms
[INFO   ] DREAMPlace - full step 5.668 ms
[INFO   ] DREAMPlace - optimizer step 4.117 ms
[INFO   ] DREAMPlace - iteration  345, (  60,  2,  1), Obj 9.066138E+04, NetCrossing 1.666E+02, NetCrossingWeight 0.000000E+00, DensityWeight 2.782461E-02, HPWL 9.064506E+04, Overflow 9.780847E-02, MaxDensity 1.833E+00, MacroOverlap 7.301E-01, MacroOverlapWeight 8.000000E-06, gamma 5.308605E-01, time 1.051ms
[INFO   ] DREAMPlace - full step 5.715 ms
[INFO   ] DREAMPlace - Lsub stopping criteria: 1 and 90661.4 > 34104 * 0.999
[INFO   ] DREAMPlace - optimizer step 7.937 ms
[INFO   ] DREAMPlace - iteration  346, (  60,  3,  0), Obj 4.353585E+04, NetCrossing 1.328E+02, NetCrossingWeight 0.000000E+00, DensityWeight 2.871473E-02, HPWL 4.351988E+04, Overflow 1.076510E-01, MaxDensity 1.500E+00, MacroOverlap 1.395E+00, MacroOverlapWeight 8.000000E-06, gamma 5.308605E-01, time 1.124ms
[INFO   ] DREAMPlace - full step 9.605 ms
[INFO   ] DREAMPlace - optimizer step 4.188 ms
[INFO   ] DREAMPlace - iteration  347, (  60,  3,  1), Obj 7.625057E+04, NetCrossing 1.035E+02, NetCrossingWeight 0.000000E+00, DensityWeight 2.871473E-02, HPWL 7.623973E+04, Overflow 9.245611E-02, MaxDensity 1.073E+00, MacroOverlap 2.384E-01, MacroOverlapWeight 8.000000E-06, gamma 5.308605E-01, time 1.052ms
[INFO   ] DREAMPlace - full step 5.781 ms
[INFO   ] DREAMPlace - Lsub stopping criteria: 1 and 76250.6 > 43535.9 * 0.999
[INFO   ] DREAMPlace - optimizer step 4.217 ms
[INFO   ] DREAMPlace - iteration  348, (  60,  4,  0), Obj 2.875282E+04, NetCrossing 9.298E+01, NetCrossingWeight 0.000000E+00, DensityWeight 2.963036E-02, HPWL 2.874312E+04, Overflow 6.052010E-02, MaxDensity 1.312E+00, MacroOverlap 1.161E-01, MacroOverlapWeight 8.000000E-06, gamma 5.308605E-01, time 1.083ms
[INFO   ] DREAMPlace - full step 5.895 ms
[INFO   ] DREAMPlace - optimizer step 3.974 ms
[INFO   ] DREAMPlace - iteration  349, (  60,  4,  1), Obj 7.790170E+04, NetCrossing 1.634E+02, NetCrossingWeight 0.000000E+00, DensityWeight 2.963036E-02, HPWL 7.787722E+04, Overflow 8.742348E-02, MaxDensity 2.000E+00, MacroOverlap 4.052E-01, MacroOverlapWeight 8.000000E-06, gamma 5.308605E-01, time 1.090ms
[INFO   ] DREAMPlace - full step 5.597 ms
[INFO   ] DREAMPlace - Lsub stopping criteria: 1 and 77901.7 > 28752.8 * 0.999
[INFO   ] DREAMPlace - Llambda stopping criteria: 4 and (( 0.0874235 < 0.1 and 77877.2 > 76239.7 ) or 2 < 1.0)
[INFO   ] DREAMPlace - optimizer step 7.905 ms
[INFO   ] DREAMPlace - iteration  350, (  61,  0,  0), Obj 3.126929E+04, NetCrossing 1.139E+02, NetCrossingWeight 0.000000E+00, DensityWeight 3.110478E-02, HPWL 3.127354E+04, Overflow 7.299116E-02, MaxDensity 2.178E+00, MacroOverlap 1.226E-01, MacroOverlapWeight 8.000000E-06, gamma 6.446514E-01, time 1.029ms
[INFO   ] DREAMPlace - full step 9.481 ms
[INFO   ] DREAMPlace - optimizer step 4.344 ms
[INFO   ] DREAMPlace - iteration  351, (  61,  0,  1), Obj 9.253543E+04, NetCrossing 1.065E+02, NetCrossingWeight 0.000000E+00, DensityWeight 3.110478E-02, HPWL 9.251099E+04, Overflow 5.633459E-02, MaxDensity 1.500E+00, MacroOverlap 1.462E+00, MacroOverlapWeight 8.000000E-06, gamma 6.446514E-01, time 1.079ms
[INFO   ] DREAMPlace - full step 6.036 ms
[INFO   ] DREAMPlace - Lsub stopping criteria: 1 and 92535.4 > 31269.3 * 0.999
[INFO   ] DREAMPlace - optimizer step 4.086 ms
[INFO   ] DREAMPlace - iteration  352, (  61,  1,  0), Obj 4.665441E+04, NetCrossing 9.623E+01, NetCrossingWeight 0.000000E+00, DensityWeight 3.259346E-02, HPWL 4.666924E+04, Overflow 7.662503E-02, MaxDensity 1.658E+00, MacroOverlap 5.603E-01, MacroOverlapWeight 8.000000E-06, gamma 6.446514E-01, time 1.056ms
[INFO   ] DREAMPlace - full step 5.728 ms
[INFO   ] DREAMPlace - optimizer step 7.969 ms
[INFO   ] DREAMPlace - iteration  353, (  61,  1,  1), Obj 6.721744E+04, NetCrossing 1.525E+02, NetCrossingWeight 0.000000E+00, DensityWeight 3.259346E-02, HPWL 6.719631E+04, Overflow 3.630605E-02, MaxDensity 1.000E+00, MacroOverlap 1.141E-01, MacroOverlapWeight 8.000000E-06, gamma 6.446514E-01, time 1.057ms
[INFO   ] DREAMPlace - full step 9.644 ms
[INFO   ] DREAMPlace - Lsub stopping criteria: 1 and 67217.4 > 46654.4 * 0.999
[INFO   ] DREAMPlace - optimizer step 4.946 ms
[INFO   ] DREAMPlace - iteration  354, (  61,  2,  0), Obj 4.479230E+04, NetCrossing 1.146E+02, NetCrossingWeight 0.000000E+00, DensityWeight 3.362268E-02, HPWL 4.477411E+04, Overflow 4.010506E-02, MaxDensity 1.150E+00, MacroOverlap 5.687E-02, MacroOverlapWeight 8.000000E-06, gamma 6.446514E-01, time 1.466ms
[INFO   ] DREAMPlace - full step 7.043 ms
[INFO   ] DREAMPlace - optimizer step 4.188 ms
[INFO   ] DREAMPlace - iteration  355, (  61,  2,  1), Obj 6.947608E+04, NetCrossing 1.170E+02, NetCrossingWeight 0.000000E+00, DensityWeight 3.362268E-02, HPWL 6.945588E+04, Overflow 7.107116E-02, MaxDensity 1.500E+00, MacroOverlap 5.721E-01, MacroOverlapWeight 8.000000E-06, gamma 6.446514E-01, time 1.071ms
[INFO   ] DREAMPlace - full step 5.854 ms
[INFO   ] DREAMPlace - Lsub stopping criteria: 1 and 69476.1 > 44792.3 * 0.999
[INFO   ] DREAMPlace - Llambda stopping criteria: 2 and (( 0.0710712 < 0.1 and 69455.9 > 67196.3 ) or 1.5 < 1.0)
[INFO   ] DREAMPlace - optimizer step 9.106 ms
[INFO   ] DREAMPlace - iteration  356, (  62,  0,  0), Obj 3.134411E+04, NetCrossing 9.673E+01, NetCrossingWeight 0.000000E+00, DensityWeight 3.529269E-02, HPWL 3.135633E+04, Overflow 7.306878E-02, MaxDensity 1.500E+00, MacroOverlap 3.697E-01, MacroOverlapWeight 8.000000E-06, gamma 5.929067E-01, time 1.096ms
[INFO   ] DREAMPlace - full step 10.815 ms
[INFO   ] DREAMPlace - optimizer step 4.275 ms
[INFO   ] DREAMPlace - iteration  357, (  62,  0,  1), Obj 8.400540E+04, NetCrossing 1.550E+02, NetCrossingWeight 0.000000E+00, DensityWeight 3.529269E-02, HPWL 8.397452E+04, Overflow 2.427389E-02, MaxDensity 1.000E+00, MacroOverlap 1.526E-02, MacroOverlapWeight 8.000000E-06, gamma 5.929067E-01, time 1.131ms
[INFO   ] DREAMPlace - full step 6.106 ms
[INFO   ] DREAMPlace - Lsub stopping criteria: 1 and 84005.4 > 31344.1 * 0.999
[INFO   ] DREAMPlace - optimizer step 4.234 ms
[INFO   ] DREAMPlace - iteration  358, (  62,  1,  0), Obj 3.795379E+04, NetCrossing 1.477E+02, NetCrossingWeight 0.000000E+00, DensityWeight 3.698240E-02, HPWL 3.792103E+04, Overflow 5.075141E-02, MaxDensity 1.500E+00, MacroOverlap 1.887E-01, MacroOverlapWeight 8.000000E-06, gamma 5.929067E-01, time 1.038ms
[INFO   ] DREAMPlace - full step 5.837 ms
[INFO   ] DREAMPlace - optimizer step 4.097 ms
[INFO   ] DREAMPlace - iteration  359, (  62,  1,  1), Obj 4.609535E+04, NetCrossing 1.340E+02, NetCrossingWeight 0.000000E+00, DensityWeight 3.698240E-02, HPWL 4.606714E+04, Overflow 6.865047E-02, MaxDensity 1.500E+00, MacroOverlap 1.103E-01, MacroOverlapWeight 8.000000E-06, gamma 5.929067E-01, time 1.138ms
[INFO   ] DREAMPlace - full step 5.805 ms
[INFO   ] DREAMPlace - Lsub stopping criteria: 1 and 46095.3 > 37953.8 * 0.999
[INFO   ] DREAMPlace - optimizer step 4.038 ms
[INFO   ] DREAMPlace - iteration  360, (  62,  2,  0), Obj 4.852221E+04, NetCrossing 1.201E+02, NetCrossingWeight 0.000000E+00, DensityWeight 3.813877E-02, HPWL 4.850323E+04, Overflow 4.881246E-02, MaxDensity 1.603E+00, MacroOverlap 6.384E-01, MacroOverlapWeight 8.000000E-06, gamma 5.929067E-01, time 1.033ms
[INFO   ] DREAMPlace - full step 5.594 ms
[INFO   ] DREAMPlace - optimizer step 4.021 ms
[INFO   ] DREAMPlace - iteration  361, (  62,  2,  1), Obj 4.832526E+04, NetCrossing 1.514E+02, NetCrossingWeight 0.000000E+00, DensityWeight 3.813877E-02, HPWL 4.831004E+04, Overflow 6.806862E-02, MaxDensity 1.500E+00, MacroOverlap 4.637E-01, MacroOverlapWeight 8.000000E-06, gamma 5.929067E-01, time 1.031ms
[INFO   ] DREAMPlace - full step 5.556 ms
[INFO   ] DREAMPlace - Llambda stopping criteria: 2 and (( 0.0680686 < 0.1 and 48310 > 46067.1 ) or 1.5 < 1.0)
[INFO   ] DREAMPlace - optimizer step 7.929 ms
[INFO   ] DREAMPlace - iteration  362, (  63,  0,  0), Obj 2.256799E+04, NetCrossing 1.301E+02, NetCrossingWeight 0.000000E+00, DensityWeight 4.003318E-02, HPWL 2.255616E+04, Overflow 7.052919E-02, MaxDensity 1.727E+00, MacroOverlap 3.671E-01, MacroOverlapWeight 8.000000E-06, gamma 5.838673E-01, time 1.031ms
[INFO   ] DREAMPlace - full step 9.478 ms
[INFO   ] DREAMPlace - optimizer step 4.723 ms
[INFO   ] DREAMPlace - iteration  363, (  63,  0,  1), Obj 8.270684E+04, NetCrossing 1.235E+02, NetCrossingWeight 0.000000E+00, DensityWeight 4.003318E-02, HPWL 8.268637E+04, Overflow 4.502915E-02, MaxDensity 1.500E+00, MacroOverlap 1.679E-01, MacroOverlapWeight 8.000000E-06, gamma 5.838673E-01, time 1.322ms
[INFO   ] DREAMPlace - full step 6.626 ms
[INFO   ] DREAMPlace - Lsub stopping criteria: 1 and 82706.8 > 22568 * 0.999
[INFO   ] DREAMPlace - optimizer step 4.249 ms
[INFO   ] DREAMPlace - iteration  364, (  63,  1,  0), Obj 4.762446E+04, NetCrossing 1.353E+02, NetCrossingWeight 0.000000E+00, DensityWeight 4.183389E-02, HPWL 4.759668E+04, Overflow 8.626800E-02, MaxDensity 1.729E+00, MacroOverlap 1.279E+00, MacroOverlapWeight 8.000000E-06, gamma 5.838673E-01, time 1.079ms
[INFO   ] DREAMPlace - full step 5.890 ms
[INFO   ] DREAMPlace - optimizer step 8.985 ms
[INFO   ] DREAMPlace - iteration  365, (  63,  1,  1), Obj 4.194830E+04, NetCrossing 1.543E+02, NetCrossingWeight 0.000000E+00, DensityWeight 4.183389E-02, HPWL 4.194147E+04, Overflow 4.851656E-02, MaxDensity 1.000E+00, MacroOverlap 2.510E-01, MacroOverlapWeight 8.000000E-06, gamma 5.838673E-01, time 1.222ms
[INFO   ] DREAMPlace - full step 10.798 ms
[INFO   ] DREAMPlace - optimizer step 4.402 ms
[INFO   ] DREAMPlace - iteration  366, (  63,  2,  0), Obj 3.251681E+04, NetCrossing 1.447E+02, NetCrossingWeight 0.000000E+00, DensityWeight 4.312902E-02, HPWL 3.250632E+04, Overflow 5.208457E-02, MaxDensity 1.623E+00, MacroOverlap 2.453E-01, MacroOverlapWeight 8.000000E-06, gamma 5.838673E-01, time 1.131ms
[INFO   ] DREAMPlace - full step 6.266 ms
[INFO   ] DREAMPlace - optimizer step 4.312 ms
[INFO   ] DREAMPlace - iteration  367, (  63,  2,  1), Obj 5.566844E+04, NetCrossing 1.326E+02, NetCrossingWeight 0.000000E+00, DensityWeight 4.312902E-02, HPWL 5.565351E+04, Overflow 4.292231E-02, MaxDensity 1.000E+00, MacroOverlap 8.613E-02, MacroOverlapWeight 8.000000E-06, gamma 5.838673E-01, time 1.167ms
[INFO   ] DREAMPlace - full step 6.094 ms
[INFO   ] DREAMPlace - Lsub stopping criteria: 1 and 55668.4 > 32516.8 * 0.999
[INFO   ] DREAMPlace - Llambda stopping criteria: 2 and (( 0.0429223 < 0.1 and 55653.5 > 41941.5 ) or 1 < 1.0)
[INFO   ] DREAMPlace - optimizer step 4.611 ms
[INFO   ] DREAMPlace - iteration  368, (  64,  0,  0), Obj 3.919219E+04, NetCrossing 1.307E+02, NetCrossingWeight 0.000000E+00, DensityWeight 4.519899E-02, HPWL 3.918181E+04, Overflow 5.154903E-02, MaxDensity 1.500E+00, MacroOverlap 4.754E-01, MacroOverlapWeight 8.000000E-06, gamma 5.133735E-01, time 1.061ms
[INFO   ] DREAMPlace - full step 6.257 ms
[INFO   ] DREAMPlace - optimizer step 4.745 ms
[INFO   ] DREAMPlace - iteration  369, (  64,  0,  1), Obj 5.460917E+04, NetCrossing 1.507E+02, NetCrossingWeight 0.000000E+00, DensityWeight 4.519899E-02, HPWL 5.459281E+04, Overflow 6.156571E-02, MaxDensity 1.500E+00, MacroOverlap 2.642E-01, MacroOverlapWeight 8.000000E-06, gamma 5.133735E-01, time 1.173ms
[INFO   ] DREAMPlace - full step 6.580 ms
[INFO   ] DREAMPlace - Lsub stopping criteria: 1 and 54609.2 > 39192.2 * 0.999
[INFO   ] DREAMPlace - optimizer step 4.241 ms
[INFO   ] DREAMPlace - iteration  370, (  64,  1,  0), Obj 4.201411E+04, NetCrossing 1.378E+02, NetCrossingWeight 0.000000E+00, DensityWeight 4.658898E-02, HPWL 4.199049E+04, Overflow 4.391183E-02, MaxDensity 1.049E+00, MacroOverlap 5.396E-02, MacroOverlapWeight 8.000000E-06, gamma 5.133735E-01, time 1.122ms
[INFO   ] DREAMPlace - full step 25.357 ms
[INFO   ] DREAMPlace - optimizer step 4.588 ms
[INFO   ] DREAMPlace - iteration  371, (  64,  1,  1), Obj 5.246793E+04, NetCrossing 1.574E+02, NetCrossingWeight 0.000000E+00, DensityWeight 4.658898E-02, HPWL 5.244630E+04, Overflow 6.206421E-02, MaxDensity 1.188E+00, MacroOverlap 1.385E-01, MacroOverlapWeight 8.000000E-06, gamma 5.133735E-01, time 1.291ms
[INFO   ] DREAMPlace - full step 6.655 ms
[INFO   ] DREAMPlace - Lsub stopping criteria: 1 and 52467.9 > 42014.1 * 0.999
[INFO   ] DREAMPlace - optimizer step 4.705 ms
[INFO   ] DREAMPlace - iteration  372, (  64,  2,  0), Obj 2.971392E+04, NetCrossing 1.285E+02, NetCrossingWeight 0.000000E+00, DensityWeight 4.801691E-02, HPWL 2.969335E+04, Overflow 5.508561E-02, MaxDensity 1.500E+00, MacroOverlap 6.172E-01, MacroOverlapWeight 8.000000E-06, gamma 5.133735E-01, time 1.281ms
[INFO   ] DREAMPlace - full step 6.600 ms
[INFO   ] DREAMPlace - optimizer step 4.753 ms
[INFO   ] DREAMPlace - iteration  373, (  64,  2,  1), Obj 5.352745E+04, NetCrossing 1.443E+02, NetCrossingWeight 0.000000E+00, DensityWeight 4.801691E-02, HPWL 5.350600E+04, Overflow 5.583227E-02, MaxDensity 1.004E+00, MacroOverlap 6.450E-02, MacroOverlapWeight 8.000000E-06, gamma 5.133735E-01, time 1.266ms
[INFO   ] DREAMPlace - full step 6.805 ms
[INFO   ] DREAMPlace - Lsub stopping criteria: 1 and 53527.4 > 29713.9 * 0.999
[INFO   ] DREAMPlace - Llambda stopping criteria: 2 and (( 0.0558323 < 0.1 and 53506 > 52446.3 ) or 1.00438 < 1.0)
[INFO   ] DREAMPlace - optimizer step 9.198 ms
[INFO   ] DREAMPlace - iteration  374, (  65,  0,  0), Obj 3.382958E+04, NetCrossing 1.426E+02, NetCrossingWeight 0.000000E+00, DensityWeight 5.041030E-02, HPWL 3.381931E+04, Overflow 5.840500E-02, MaxDensity 1.500E+00, MacroOverlap 1.366E-01, MacroOverlapWeight 8.000000E-06, gamma 5.484313E-01, time 1.383ms
[INFO   ] DREAMPlace - full step 11.282 ms
[INFO   ] DREAMPlace - optimizer step 5.012 ms
[INFO   ] DREAMPlace - iteration  375, (  65,  0,  1), Obj 2.754434E+04, NetCrossing 1.408E+02, NetCrossingWeight 0.000000E+00, DensityWeight 5.041030E-02, HPWL 2.754331E+04, Overflow 6.909859E-02, MaxDensity 1.500E+00, MacroOverlap 6.372E-01, MacroOverlapWeight 8.000000E-06, gamma 5.484313E-01, time 1.366ms
[INFO   ] DREAMPlace - full step 9.231 ms
[INFO   ] DREAMPlace - optimizer step 4.568 ms
[INFO   ] DREAMPlace - iteration  376, (  65,  1,  0), Obj 3.761557E+04, NetCrossing 1.343E+02, NetCrossingWeight 0.000000E+00, DensityWeight 5.194496E-02, HPWL 3.761226E+04, Overflow 5.228487E-02, MaxDensity 1.500E+00, MacroOverlap 2.224E-01, MacroOverlapWeight 8.000000E-06, gamma 5.484313E-01, time 1.256ms
[INFO   ] DREAMPlace - full step 6.497 ms
[INFO   ] DREAMPlace - optimizer step 4.438 ms
[INFO   ] DREAMPlace - iteration  377, (  65,  1,  1), Obj 4.082877E+04, NetCrossing 1.664E+02, NetCrossingWeight 0.000000E+00, DensityWeight 5.194496E-02, HPWL 4.081327E+04, Overflow 9.960712E-02, MaxDensity 1.500E+00, MacroOverlap 8.609E-01, MacroOverlapWeight 8.000000E-06, gamma 5.484313E-01, time 1.156ms
[INFO   ] DREAMPlace - full step 6.246 ms
[INFO   ] DREAMPlace - Lsub stopping criteria: 1 and 40828.8 > 37615.6 * 0.999
[INFO   ] DREAMPlace - Llambda stopping criteria: 1 and (( 0.0996071 < 0.1 and 40813.3 > 27543.3 ) or 1.5 < 1.0)
[INFO   ] DREAMPlace - optimizer step 3.971 ms
[INFO   ] DREAMPlace - iteration  378, (  66,  0,  0), Obj 3.466088E+04, NetCrossing 1.464E+02, NetCrossingWeight 0.000000E+00, DensityWeight 5.444141E-02, HPWL 3.465341E+04, Overflow 5.969882E-02, MaxDensity 1.260E+00, MacroOverlap 5.064E-01, MacroOverlapWeight 8.000000E-06, gamma 6.861193E-01, time 1.038ms
[INFO   ] DREAMPlace - full step 5.550 ms
[INFO   ] DREAMPlace - optimizer step 7.732 ms
[INFO   ] DREAMPlace - iteration  379, (  66,  0,  1), Obj 4.002223E+04, NetCrossing 1.549E+02, NetCrossingWeight 0.000000E+00, DensityWeight 5.444141E-02, HPWL 4.001739E+04, Overflow 8.148467E-02, MaxDensity 1.500E+00, MacroOverlap 1.180E+00, MacroOverlapWeight 8.000000E-06, gamma 6.861193E-01, time 1.020ms
[INFO   ] DREAMPlace - full step 9.288 ms
[INFO   ] DREAMPlace - Lsub stopping criteria: 1 and 40022.2 > 34660.9 * 0.999
[INFO   ] DREAMPlace - optimizer step 4.890 ms
[INFO   ] DREAMPlace - iteration  380, (  66,  1,  0), Obj 3.044417E+04, NetCrossing 1.442E+02, NetCrossingWeight 0.000000E+00, DensityWeight 5.608757E-02, HPWL 3.042982E+04, Overflow 6.288964E-02, MaxDensity 1.040E+00, MacroOverlap 1.705E-01, MacroOverlapWeight 8.000000E-06, gamma 6.861193E-01, time 1.065ms
[INFO   ] DREAMPlace - full step 6.505 ms
[INFO   ] DREAMPlace - optimizer step 4.223 ms
[INFO   ] DREAMPlace - iteration  381, (  66,  1,  1), Obj 2.813156E+04, NetCrossing 1.526E+02, NetCrossingWeight 0.000000E+00, DensityWeight 5.608757E-02, HPWL 2.816305E+04, Overflow 6.433534E-02, MaxDensity 1.500E+00, MacroOverlap 5.987E-01, MacroOverlapWeight 8.000000E-06, gamma 6.861193E-01, time 1.165ms
[INFO   ] DREAMPlace - full step 6.007 ms
[INFO   ] DREAMPlace - optimizer step 4.073 ms
[INFO   ] DREAMPlace - iteration  382, (  66,  2,  0), Obj 3.587752E+04, NetCrossing 1.490E+02, NetCrossingWeight 0.000000E+00, DensityWeight 5.777773E-02, HPWL 3.586191E+04, Overflow 5.952674E-02, MaxDensity 1.500E+00, MacroOverlap 1.338E+00, MacroOverlapWeight 8.000000E-06, gamma 6.861193E-01, time 1.035ms
[INFO   ] DREAMPlace - full step 5.662 ms
[INFO   ] DREAMPlace - optimizer step 4.372 ms
[INFO   ] DREAMPlace - iteration  383, (  66,  2,  1), Obj 3.975781E+04, NetCrossing 1.482E+02, NetCrossingWeight 0.000000E+00, DensityWeight 5.777773E-02, HPWL 3.976331E+04, Overflow 8.266488E-02, MaxDensity 1.500E+00, MacroOverlap 1.027E+00, MacroOverlapWeight 8.000000E-06, gamma 6.861193E-01, time 1.031ms
[INFO   ] DREAMPlace - full step 6.026 ms
[INFO   ] DREAMPlace - Lsub stopping criteria: 1 and 39757.8 > 35877.5 * 0.999
[INFO   ] DREAMPlace - Llambda stopping criteria: 2 and (( 0.0826649 < 0.1 and 39763.3 > 28163.1 ) or 1.5 < 1.0)
[INFO   ] DREAMPlace - optimizer step 9.485 ms
[INFO   ] DREAMPlace - iteration  384, (  67,  0,  0), Obj 4.116670E+04, NetCrossing 1.364E+02, NetCrossingWeight 0.000000E+00, DensityWeight 6.056859E-02, HPWL 4.116591E+04, Overflow 6.277828E-02, MaxDensity 1.632E+00, MacroOverlap 8.026E-01, MacroOverlapWeight 8.000000E-06, gamma 6.291443E-01, time 1.222ms
[INFO   ] DREAMPlace - full step 11.427 ms
[INFO   ] DREAMPlace - optimizer step 4.840 ms
[INFO   ] DREAMPlace - iteration  385, (  67,  0,  1), Obj 2.246040E+04, NetCrossing 1.486E+02, NetCrossingWeight 0.000000E+00, DensityWeight 6.056859E-02, HPWL 2.244576E+04, Overflow 7.733060E-02, MaxDensity 1.331E+00, MacroOverlap 1.894E-01, MacroOverlapWeight 8.000000E-06, gamma 6.291443E-01, time 1.357ms
[INFO   ] DREAMPlace - full step 7.000 ms
[INFO   ] DREAMPlace - optimizer step 5.346 ms
[INFO   ] DREAMPlace - iteration  386, (  67,  1,  0), Obj 3.658961E+04, NetCrossing 1.391E+02, NetCrossingWeight 0.000000E+00, DensityWeight 6.238130E-02, HPWL 3.657824E+04, Overflow 5.820582E-02, MaxDensity 2.099E+00, MacroOverlap 1.861E+00, MacroOverlapWeight 8.000000E-06, gamma 6.291443E-01, time 1.337ms
[INFO   ] DREAMPlace - full step 7.384 ms
[INFO   ] DREAMPlace - optimizer step 5.090 ms
[INFO   ] DREAMPlace - iteration  387, (  67,  1,  1), Obj 2.256491E+04, NetCrossing 1.486E+02, NetCrossingWeight 0.000000E+00, DensityWeight 6.238130E-02, HPWL 2.255095E+04, Overflow 8.875103E-02, MaxDensity 2.003E+00, MacroOverlap 6.097E-01, MacroOverlapWeight 8.000000E-06, gamma 6.291443E-01, time 1.244ms
[INFO   ] DREAMPlace - full step 6.938 ms
[INFO   ] DREAMPlace - Llambda stopping criteria: 1 and (( 0.088751 < 0.1 and 22550.9 > 22445.8 ) or 2.00315 < 1.0)
[INFO   ] DREAMPlace - optimizer step 5.479 ms
[INFO   ] DREAMPlace - iteration  388, (  68,  0,  0), Obj 3.197571E+04, NetCrossing 1.363E+02, NetCrossingWeight 0.000000E+00, DensityWeight 6.549941E-02, HPWL 3.197926E+04, Overflow 7.768954E-02, MaxDensity 1.471E+00, MacroOverlap 2.242E-01, MacroOverlapWeight 8.000000E-06, gamma 6.490452E-01, time 1.193ms
[INFO   ] DREAMPlace - full step 7.349 ms
[INFO   ] DREAMPlace - optimizer step 4.437 ms
[INFO   ] DREAMPlace - iteration  389, (  68,  0,  1), Obj 2.223097E+04, NetCrossing 1.536E+02, NetCrossingWeight 0.000000E+00, DensityWeight 6.549941E-02, HPWL 2.224537E+04, Overflow 6.712069E-02, MaxDensity 1.500E+00, MacroOverlap 2.006E-01, MacroOverlapWeight 8.000000E-06, gamma 6.490452E-01, time 1.316ms
[INFO   ] DREAMPlace - full step 6.414 ms
[INFO   ] DREAMPlace - optimizer step 6.025 ms
[INFO   ] DREAMPlace - iteration  390, (  68,  1,  0), Obj 3.122476E+04, NetCrossing 1.385E+02, NetCrossingWeight 0.000000E+00, DensityWeight 6.744620E-02, HPWL 3.123472E+04, Overflow 5.478064E-02, MaxDensity 1.473E+00, MacroOverlap 1.570E-01, MacroOverlapWeight 8.000000E-06, gamma 6.490452E-01, time 1.205ms
[INFO   ] DREAMPlace - full step 7.970 ms
[INFO   ] DREAMPlace - optimizer step 4.564 ms
[INFO   ] DREAMPlace - iteration  391, (  68,  1,  1), Obj 2.524397E+04, NetCrossing 1.590E+02, NetCrossingWeight 0.000000E+00, DensityWeight 6.744620E-02, HPWL 2.524079E+04, Overflow 5.903492E-02, MaxDensity 1.482E+00, MacroOverlap 4.158E-01, MacroOverlapWeight 8.000000E-06, gamma 6.490452E-01, time 1.263ms
[INFO   ] DREAMPlace - full step 6.502 ms
[INFO   ] DREAMPlace - Llambda stopping criteria: 1 and (( 0.0590349 < 0.1 and 25240.8 > 22245.4 ) or 1.48209 < 1.0)
[INFO   ] DREAMPlace - optimizer step 4.414 ms
[INFO   ] DREAMPlace - iteration  392, (  69,  0,  0), Obj 2.565887E+04, NetCrossing 1.351E+02, NetCrossingWeight 0.000000E+00, DensityWeight 7.078894E-02, HPWL 2.564970E+04, Overflow 6.801733E-02, MaxDensity 1.500E+00, MacroOverlap 1.062E-01, MacroOverlapWeight 8.000000E-06, gamma 5.574928E-01, time 1.233ms
[INFO   ] DREAMPlace - full step 6.257 ms
[INFO   ] DREAMPlace - optimizer step 4.969 ms
[INFO   ] DREAMPlace - iteration  393, (  69,  0,  1), Obj 2.741799E+04, NetCrossing 1.625E+02, NetCrossingWeight 0.000000E+00, DensityWeight 7.078894E-02, HPWL 2.744442E+04, Overflow 7.894681E-02, MaxDensity 1.500E+00, MacroOverlap 5.771E-01, MacroOverlapWeight 8.000000E-06, gamma 5.574928E-01, time 1.294ms
[INFO   ] DREAMPlace - full step 6.950 ms
[INFO   ] DREAMPlace - Lsub stopping criteria: 1 and 27418 > 25658.9 * 0.999
[INFO   ] DREAMPlace - optimizer step 4.247 ms
[INFO   ] DREAMPlace - iteration  394, (  69,  1,  0), Obj 2.926903E+04, NetCrossing 1.412E+02, NetCrossingWeight 0.000000E+00, DensityWeight 7.430556E-02, HPWL 2.925090E+04, Overflow 5.639233E-02, MaxDensity 1.577E+00, MacroOverlap 8.332E-02, MacroOverlapWeight 8.000000E-06, gamma 5.574928E-01, time 1.227ms
[INFO   ] DREAMPlace - full step 6.135 ms
[INFO   ] DREAMPlace - optimizer step 4.241 ms
[INFO   ] DREAMPlace - iteration  395, (  69,  1,  1), Obj 3.081342E+04, NetCrossing 1.510E+02, NetCrossingWeight 0.000000E+00, DensityWeight 7.430556E-02, HPWL 3.079580E+04, Overflow 7.292709E-02, MaxDensity 1.500E+00, MacroOverlap 4.442E-01, MacroOverlapWeight 8.000000E-06, gamma 5.574928E-01, time 1.146ms
[INFO   ] DREAMPlace - full step 5.991 ms
[INFO   ] DREAMPlace - Lsub stopping criteria: 1 and 30813.4 > 29269 * 0.999
[INFO   ] DREAMPlace - Llambda stopping criteria: 1 and (( 0.0729271 < 0.1 and 30795.8 > 27444.4 ) or 1.5 < 1.0)
[INFO   ] DREAMPlace - optimizer step 4.617 ms
[INFO   ] DREAMPlace - iteration  396, (  70,  0,  0), Obj 3.016360E+04, NetCrossing 1.394E+02, NetCrossingWeight 0.000000E+00, DensityWeight 7.798439E-02, HPWL 3.015731E+04, Overflow 8.301309E-02, MaxDensity 1.500E+00, MacroOverlap 3.209E-01, MacroOverlapWeight 8.000000E-06, gamma 5.985641E-01, time 1.109ms
[INFO   ] DREAMPlace - full step 6.326 ms
[INFO   ] DREAMPlace - optimizer step 4.953 ms
[INFO   ] DREAMPlace - iteration  397, (  70,  0,  1), Obj 1.426074E+04, NetCrossing 1.399E+02, NetCrossingWeight 0.000000E+00, DensityWeight 7.798439E-02, HPWL 1.430841E+04, Overflow 7.533327E-02, MaxDensity 1.635E+00, MacroOverlap 1.150E+00, MacroOverlapWeight 8.000000E-06, gamma 5.985641E-01, time 1.258ms
[INFO   ] DREAMPlace - full step 6.834 ms
[INFO   ] DREAMPlace - optimizer step 7.919 ms
[INFO   ] DREAMPlace - iteration  398, (  70,  1,  0), Obj 3.266263E+04, NetCrossing 1.740E+02, NetCrossingWeight 0.000000E+00, DensityWeight 8.027015E-02, HPWL 3.269037E+04, Overflow 5.255525E-02, MaxDensity 1.500E+00, MacroOverlap 1.546E-01, MacroOverlapWeight 8.000000E-06, gamma 5.985641E-01, time 1.106ms
[INFO   ] DREAMPlace - full step 9.644 ms
[INFO   ] DREAMPlace - optimizer step 4.530 ms
[INFO   ] DREAMPlace - iteration  399, (  70,  1,  1), Obj 2.044226E+04, NetCrossing 1.447E+02, NetCrossingWeight 0.000000E+00, DensityWeight 8.027015E-02, HPWL 2.043920E+04, Overflow 8.519845E-02, MaxDensity 1.886E+00, MacroOverlap 8.195E-01, MacroOverlapWeight 8.000000E-06, gamma 5.985641E-01, time 1.135ms
[INFO   ] DREAMPlace - full step 6.266 ms
[INFO   ] DREAMPlace - Llambda stopping criteria: 1 and (( 0.0851984 < 0.1 and 20439.2 > 14308.4 ) or 1.88628 < 1.0)
[INFO   ] DREAMPlace - optimizer step 8.942 ms
[INFO   ] DREAMPlace - iteration  400, (  71,  0,  0), Obj 3.655832E+04, NetCrossing 1.569E+02, NetCrossingWeight 0.000000E+00, DensityWeight 8.421165E-02, HPWL 3.654275E+04, Overflow 8.251636E-02, MaxDensity 1.500E+00, MacroOverlap 8.939E-01, MacroOverlapWeight 8.000000E-06, gamma 6.373535E-01, time 1.425ms
[INFO   ] DREAMPlace - full step 11.035 ms
[INFO   ] DREAMPlace - optimizer step 7.970 ms
[INFO   ] DREAMPlace - iteration  401, (  71,  0,  1), Obj 1.996643E+04, NetCrossing 1.432E+02, NetCrossingWeight 0.000000E+00, DensityWeight 8.421165E-02, HPWL 1.999365E+04, Overflow 6.416986E-02, MaxDensity 1.649E+00, MacroOverlap 2.706E-01, MacroOverlapWeight 8.000000E-06, gamma 6.373535E-01, time 1.067ms
[INFO   ] DREAMPlace - full step 9.623 ms
[INFO   ] DREAMPlace - optimizer step 4.037 ms
[INFO   ] DREAMPlace - iteration  402, (  71,  1,  0), Obj 3.072055E+04, NetCrossing 1.448E+02, NetCrossingWeight 0.000000E+00, DensityWeight 8.666261E-02, HPWL 3.070006E+04, Overflow 5.153124E-02, MaxDensity 1.018E+00, MacroOverlap 8.544E-02, MacroOverlapWeight 8.000000E-06, gamma 6.373535E-01, time 1.044ms
[INFO   ] DREAMPlace - full step 5.636 ms
[INFO   ] DREAMPlace - optimizer step 4.485 ms
[INFO   ] DREAMPlace - iteration  403, (  71,  1,  1), Obj 2.311154E+04, NetCrossing 1.412E+02, NetCrossingWeight 0.000000E+00, DensityWeight 8.666261E-02, HPWL 2.309244E+04, Overflow 6.282546E-02, MaxDensity 1.500E+00, MacroOverlap 4.982E-01, MacroOverlapWeight 8.000000E-06, gamma 6.373535E-01, time 1.153ms
[INFO   ] DREAMPlace - full step 6.258 ms
[INFO   ] DREAMPlace - Llambda stopping criteria: 1 and (( 0.0628255 < 0.1 and 23092.4 > 19993.6 ) or 1.5 < 1.0)
[INFO   ] DREAMPlace - optimizer step 4.344 ms
[INFO   ] DREAMPlace - iteration  404, (  72,  0,  0), Obj 1.901358E+04, NetCrossing 1.567E+02, NetCrossingWeight 0.000000E+00, DensityWeight 9.095644E-02, HPWL 1.900526E+04, Overflow 5.986539E-02, MaxDensity 1.500E+00, MacroOverlap 4.909E-01, MacroOverlapWeight 8.000000E-06, gamma 5.684111E-01, time 1.123ms
[INFO   ] DREAMPlace - full step 6.055 ms
[INFO   ] DREAMPlace - optimizer step 8.422 ms
[INFO   ] DREAMPlace - iteration  405, (  72,  0,  1), Obj 2.054645E+04, NetCrossing 1.368E+02, NetCrossingWeight 0.000000E+00, DensityWeight 9.095644E-02, HPWL 2.055323E+04, Overflow 6.743961E-02, MaxDensity 2.000E+00, MacroOverlap 5.292E-01, MacroOverlapWeight 8.000000E-06, gamma 5.684111E-01, time 1.089ms
[INFO   ] DREAMPlace - full step 10.096 ms
[INFO   ] DREAMPlace - Lsub stopping criteria: 1 and 20546.4 > 19013.6 * 0.999
[INFO   ] DREAMPlace - optimizer step 4.212 ms
[INFO   ] DREAMPlace - iteration  406, (  72,  1,  0), Obj 1.945931E+04, NetCrossing 1.459E+02, NetCrossingWeight 0.000000E+00, DensityWeight 9.359419E-02, HPWL 1.944346E+04, Overflow 6.078729E-02, MaxDensity 1.500E+00, MacroOverlap 1.116E-01, MacroOverlapWeight 8.000000E-06, gamma 5.684111E-01, time 1.102ms
[INFO   ] DREAMPlace - full step 5.880 ms
[INFO   ] DREAMPlace - optimizer step 4.414 ms
[INFO   ] DREAMPlace - iteration  407, (  72,  1,  1), Obj 2.248195E+04, NetCrossing 1.367E+02, NetCrossingWeight 0.000000E+00, DensityWeight 9.359419E-02, HPWL 2.248168E+04, Overflow 6.691825E-02, MaxDensity 1.784E+00, MacroOverlap 2.117E-01, MacroOverlapWeight 8.000000E-06, gamma 5.684111E-01, time 1.061ms
[INFO   ] DREAMPlace - full step 6.035 ms
[INFO   ] DREAMPlace - Lsub stopping criteria: 1 and 22481.9 > 19459.3 * 0.999
[INFO   ] DREAMPlace - Llambda stopping criteria: 1 and (( 0.0669183 < 0.1 and 22481.7 > 20553.2 ) or 1.78357 < 1.0)
[INFO   ] DREAMPlace - optimizer step 8.093 ms
[INFO   ] DREAMPlace - iteration  408, (  73,  0,  0), Obj 1.660331E+04, NetCrossing 1.424E+02, NetCrossingWeight 0.000000E+00, DensityWeight 9.824747E-02, HPWL 1.660779E+04, Overflow 6.192186E-02, MaxDensity 1.875E+00, MacroOverlap 1.314E-01, MacroOverlapWeight 8.000000E-06, gamma 5.804406E-01, time 1.228ms
[INFO   ] DREAMPlace - full step 9.920 ms
[INFO   ] DREAMPlace - optimizer step 4.651 ms
[INFO   ] DREAMPlace - iteration  409, (  73,  0,  1), Obj 2.327628E+04, NetCrossing 1.312E+02, NetCrossingWeight 0.000000E+00, DensityWeight 9.824747E-02, HPWL 2.326497E+04, Overflow 5.188607E-02, MaxDensity 1.375E+00, MacroOverlap 1.825E-01, MacroOverlapWeight 8.000000E-06, gamma 5.804406E-01, time 1.025ms
[INFO   ] DREAMPlace - full step 6.289 ms
[INFO   ] DREAMPlace - Lsub stopping criteria: 1 and 23276.3 > 16603.3 * 0.999
[INFO   ] DREAMPlace - optimizer step 4.235 ms
[INFO   ] DREAMPlace - iteration  410, (  73,  1,  0), Obj 2.146663E+04, NetCrossing 1.401E+02, NetCrossingWeight 0.000000E+00, DensityWeight 1.031486E-01, HPWL 2.144621E+04, Overflow 5.685139E-02, MaxDensity 1.389E+00, MacroOverlap 1.794E-01, MacroOverlapWeight 8.000000E-06, gamma 5.804406E-01, time 1.191ms
[INFO   ] DREAMPlace - full step 6.045 ms
[INFO   ] DREAMPlace - optimizer step 4.393 ms
[INFO   ] DREAMPlace - iteration  411, (  73,  1,  1), Obj 1.322899E+04, NetCrossing 1.306E+02, NetCrossingWeight 0.000000E+00, DensityWeight 1.031486E-01, HPWL 1.321766E+04, Overflow 7.322195E-02, MaxDensity 1.500E+00, MacroOverlap 7.449E-01, MacroOverlapWeight 8.000000E-06, gamma 5.804406E-01, time 1.110ms
[INFO   ] DREAMPlace - full step 6.121 ms
[INFO   ] DREAMPlace - optimizer step 4.105 ms
[INFO   ] DREAMPlace - iteration  412, (  73,  2,  0), Obj 1.896743E+04, NetCrossing 1.323E+02, NetCrossingWeight 0.000000E+00, DensityWeight 1.061399E-01, HPWL 1.894932E+04, Overflow 5.432317E-02, MaxDensity 1.743E+00, MacroOverlap 2.861E-01, MacroOverlapWeight 8.000000E-06, gamma 5.804406E-01, time 1.062ms
[INFO   ] DREAMPlace - full step 5.928 ms
[INFO   ] DREAMPlace - optimizer step 4.281 ms
[INFO   ] DREAMPlace - iteration  413, (  73,  2,  1), Obj 2.176735E+04, NetCrossing 1.395E+02, NetCrossingWeight 0.000000E+00, DensityWeight 1.061399E-01, HPWL 2.175545E+04, Overflow 7.538289E-02, MaxDensity 1.500E+00, MacroOverlap 1.181E+00, MacroOverlapWeight 8.000000E-06, gamma 5.804406E-01, time 1.101ms
[INFO   ] DREAMPlace - full step 5.977 ms
[INFO   ] DREAMPlace - Lsub stopping criteria: 1 and 21767.3 > 18967.4 * 0.999
[INFO   ] DREAMPlace - Llambda stopping criteria: 2 and (( 0.0753829 < 0.1 and 21755.4 > 13217.7 ) or 1.5 < 1.0)
[INFO   ] DREAMPlace - optimizer step 4.178 ms
[INFO   ] DREAMPlace - iteration  414, (  74,  0,  0), Obj 1.461353E+04, NetCrossing 1.315E+02, NetCrossingWeight 0.000000E+00, DensityWeight 1.113143E-01, HPWL 1.461747E+04, Overflow 5.558570E-02, MaxDensity 1.500E+00, MacroOverlap 3.882E-01, MacroOverlapWeight 8.000000E-06, gamma 6.061332E-01, time 1.151ms
[INFO   ] DREAMPlace - full step 5.948 ms
[INFO   ] DREAMPlace - optimizer step 4.002 ms
[INFO   ] DREAMPlace - iteration  415, (  74,  0,  1), Obj 2.872472E+04, NetCrossing 1.515E+02, NetCrossingWeight 0.000000E+00, DensityWeight 1.113143E-01, HPWL 2.870616E+04, Overflow 6.159963E-02, MaxDensity 1.466E+00, MacroOverlap 2.766E-01, MacroOverlapWeight 8.000000E-06, gamma 6.061332E-01, time 1.037ms
[INFO   ] DREAMPlace - full step 5.565 ms
[INFO   ] DREAMPlace - Lsub stopping criteria: 1 and 28724.7 > 14613.5 * 0.999
[INFO   ] DREAMPlace - optimizer step 8.566 ms
[INFO   ] DREAMPlace - iteration  416, (  74,  1,  0), Obj 1.092777E+04, NetCrossing 1.408E+02, NetCrossingWeight 0.000000E+00, DensityWeight 1.167668E-01, HPWL 1.095353E+04, Overflow 5.356474E-02, MaxDensity 1.500E+00, MacroOverlap 1.117E-01, MacroOverlapWeight 8.000000E-06, gamma 6.061332E-01, time 1.229ms
[INFO   ] DREAMPlace - full step 10.346 ms
[INFO   ] DREAMPlace - optimizer step 4.022 ms
[INFO   ] DREAMPlace - iteration  417, (  74,  1,  1), Obj 2.514673E+04, NetCrossing 1.287E+02, NetCrossingWeight 0.000000E+00, DensityWeight 1.167668E-01, HPWL 2.512761E+04, Overflow 6.621832E-02, MaxDensity 1.500E+00, MacroOverlap 4.648E-01, MacroOverlapWeight 8.000000E-06, gamma 6.061332E-01, time 1.054ms
[INFO   ] DREAMPlace - full step 5.646 ms
[INFO   ] DREAMPlace - Lsub stopping criteria: 1 and 25146.7 > 10927.8 * 0.999
[INFO   ] DREAMPlace - optimizer step 4.010 ms
[INFO   ] DREAMPlace - iteration  418, (  74,  2,  0), Obj 1.540315E+04, NetCrossing 1.361E+02, NetCrossingWeight 0.000000E+00, DensityWeight 1.201531E-01, HPWL 1.538976E+04, Overflow 4.861251E-02, MaxDensity 1.138E+00, MacroOverlap 2.167E-01, MacroOverlapWeight 8.000000E-06, gamma 6.061332E-01, time 1.043ms
[INFO   ] DREAMPlace - full step 5.581 ms
[INFO   ] DREAMPlace - optimizer step 4.190 ms
[INFO   ] DREAMPlace - iteration  419, (  74,  2,  1), Obj 1.343830E+04, NetCrossing 1.295E+02, NetCrossingWeight 0.000000E+00, DensityWeight 1.201531E-01, HPWL 1.343762E+04, Overflow 5.283096E-02, MaxDensity 1.500E+00, MacroOverlap 1.467E-01, MacroOverlapWeight 8.000000E-06, gamma 6.061332E-01, time 1.044ms
[INFO   ] DREAMPlace - full step 5.776 ms
[INFO   ] DREAMPlace - optimizer step 4.637 ms
[INFO   ] DREAMPlace - iteration  420, (  74,  3,  0), Obj 1.436296E+04, NetCrossing 1.308E+02, NetCrossingWeight 0.000000E+00, DensityWeight 1.236375E-01, HPWL 1.437910E+04, Overflow 5.653897E-02, MaxDensity 1.668E+00, MacroOverlap 8.353E-01, MacroOverlapWeight 8.000000E-06, gamma 6.061332E-01, time 1.164ms
[INFO   ] DREAMPlace - full step 6.435 ms
[INFO   ] DREAMPlace - optimizer step 4.277 ms
[INFO   ] DREAMPlace - iteration  421, (  74,  3,  1), Obj 1.876230E+04, NetCrossing 1.347E+02, NetCrossingWeight 0.000000E+00, DensityWeight 1.236375E-01, HPWL 1.875447E+04, Overflow 6.732509E-02, MaxDensity 1.500E+00, MacroOverlap 9.023E-01, MacroOverlapWeight 8.000000E-06, gamma 6.061332E-01, time 1.184ms
[INFO   ] DREAMPlace - full step 6.109 ms
[INFO   ] DREAMPlace - Lsub stopping criteria: 1 and 18762.3 > 14363 * 0.999
[INFO   ] DREAMPlace - Llambda stopping criteria: 3 and (( 0.0673251 < 0.1 and 18754.5 > 13437.6 ) or 1.5 < 1.0)
[INFO   ] DREAMPlace - optimizer step 4.291 ms
[INFO   ] DREAMPlace - iteration  422, (  75,  0,  0), Obj 1.310058E+04, NetCrossing 1.345E+02, NetCrossingWeight 0.000000E+00, DensityWeight 1.297232E-01, HPWL 1.310247E+04, Overflow 5.681487E-02, MaxDensity 1.528E+00, MacroOverlap 4.265E-01, MacroOverlapWeight 8.000000E-06, gamma 5.816500E-01, time 1.135ms
[INFO   ] DREAMPlace - full step 6.052 ms
[INFO   ] DREAMPlace - optimizer step 10.377 ms
[INFO   ] DREAMPlace - iteration  423, (  75,  0,  1), Obj 1.901946E+04, NetCrossing 1.549E+02, NetCrossingWeight 0.000000E+00, DensityWeight 1.297232E-01, HPWL 1.901323E+04, Overflow 6.254020E-02, MaxDensity 1.500E+00, MacroOverlap 1.487E-01, MacroOverlapWeight 8.000000E-06, gamma 5.816500E-01, time 1.185ms
[INFO   ] DREAMPlace - full step 12.259 ms
[INFO   ] DREAMPlace - Lsub stopping criteria: 1 and 19019.5 > 13100.6 * 0.999
[INFO   ] DREAMPlace - optimizer step 4.157 ms
[INFO   ] DREAMPlace - iteration  424, (  75,  1,  0), Obj 1.227444E+04, NetCrossing 1.431E+02, NetCrossingWeight 0.000000E+00, DensityWeight 1.362044E-01, HPWL 1.226066E+04, Overflow 6.289490E-02, MaxDensity 1.400E+00, MacroOverlap 6.654E-01, MacroOverlapWeight 8.000000E-06, gamma 5.816500E-01, time 1.169ms
[INFO   ] DREAMPlace - full step 5.940 ms
[INFO   ] DREAMPlace - optimizer step 4.770 ms
[INFO   ] DREAMPlace - iteration  425, (  75,  1,  1), Obj 1.692362E+04, NetCrossing 1.360E+02, NetCrossingWeight 0.000000E+00, DensityWeight 1.362044E-01, HPWL 1.691417E+04, Overflow 7.316773E-02, MaxDensity 1.579E+00, MacroOverlap 4.399E-01, MacroOverlapWeight 8.000000E-06, gamma 5.816500E-01, time 1.024ms
[INFO   ] DREAMPlace - full step 6.469 ms
[INFO   ] DREAMPlace - Lsub stopping criteria: 1 and 16923.6 > 12274.4 * 0.999
[INFO   ] DREAMPlace - optimizer step 5.369 ms
[INFO   ] DREAMPlace - iteration  426, (  75,  2,  0), Obj 6.390792E+03, NetCrossing 1.421E+02, NetCrossingWeight 0.000000E+00, DensityWeight 1.401544E-01, HPWL 6.437435E+03, Overflow 7.152210E-02, MaxDensity 2.488E+00, MacroOverlap 1.609E+00, MacroOverlapWeight 8.000000E-06, gamma 5.816500E-01, time 1.605ms
[INFO   ] DREAMPlace - full step 7.738 ms
[INFO   ] DREAMPlace - optimizer step 4.982 ms
[INFO   ] DREAMPlace - iteration  427, (  75,  2,  1), Obj 2.511266E+04, NetCrossing 1.394E+02, NetCrossingWeight 0.000000E+00, DensityWeight 1.401544E-01, HPWL 2.511004E+04, Overflow 7.004646E-02, MaxDensity 1.500E+00, MacroOverlap 9.565E-01, MacroOverlapWeight 8.000000E-06, gamma 5.816500E-01, time 1.386ms
[INFO   ] DREAMPlace - full step 7.061 ms
[INFO   ] DREAMPlace - Lsub stopping criteria: 1 and 25112.7 > 6390.79 * 0.999
[INFO   ] DREAMPlace - Llambda stopping criteria: 2 and (( 0.0700465 < 0.1 and 25110 > 16914.2 ) or 1.5 < 1.0)
[INFO   ] DREAMPlace - optimizer step 5.138 ms
[INFO   ] DREAMPlace - iteration  428, (  76,  0,  0), Obj 1.647759E+04, NetCrossing 1.414E+02, NetCrossingWeight 0.000000E+00, DensityWeight 1.469941E-01, HPWL 1.648623E+04, Overflow 5.426569E-02, MaxDensity 1.500E+00, MacroOverlap 5.783E-01, MacroOverlapWeight 8.000000E-06, gamma 5.898062E-01, time 1.603ms
[INFO   ] DREAMPlace - full step 7.493 ms
[INFO   ] DREAMPlace - optimizer step 4.984 ms
[INFO   ] DREAMPlace - iteration  429, (  76,  0,  1), Obj 1.532160E+04, NetCrossing 1.497E+02, NetCrossingWeight 0.000000E+00, DensityWeight 1.469941E-01, HPWL 1.531535E+04, Overflow 5.498876E-02, MaxDensity 1.853E+00, MacroOverlap 1.421E-01, MacroOverlapWeight 8.000000E-06, gamma 5.898062E-01, time 1.119ms
[INFO   ] DREAMPlace - full step 24.884 ms
[INFO   ] DREAMPlace - optimizer step 4.344 ms
[INFO   ] DREAMPlace - iteration  430, (  76,  1,  0), Obj 1.560576E+04, NetCrossing 1.456E+02, NetCrossingWeight 0.000000E+00, DensityWeight 1.512569E-01, HPWL 1.559675E+04, Overflow 6.538648E-02, MaxDensity 1.657E+00, MacroOverlap 6.865E-01, MacroOverlapWeight 8.000000E-06, gamma 5.898062E-01, time 1.162ms
[INFO   ] DREAMPlace - full step 6.175 ms
[INFO   ] DREAMPlace - optimizer step 5.804 ms
[INFO   ] DREAMPlace - iteration  431, (  76,  1,  1), Obj 2.074697E+04, NetCrossing 1.730E+02, NetCrossingWeight 0.000000E+00, DensityWeight 1.512569E-01, HPWL 2.073087E+04, Overflow 5.828132E-02, MaxDensity 1.940E+00, MacroOverlap 1.893E-01, MacroOverlapWeight 8.000000E-06, gamma 5.898062E-01, time 1.225ms
[INFO   ] DREAMPlace - full step 7.816 ms
[INFO   ] DREAMPlace - Lsub stopping criteria: 1 and 20747 > 15605.8 * 0.999
[INFO   ] DREAMPlace - Llambda stopping criteria: 1 and (( 0.0582813 < 0.1 and 20730.9 > 15315.3 ) or 1.93953 < 1.0)
[INFO   ] DREAMPlace - optimizer step 5.086 ms
[INFO   ] DREAMPlace - iteration  432, (  77,  0,  0), Obj 1.222872E+04, NetCrossing 1.591E+02, NetCrossingWeight 0.000000E+00, DensityWeight 1.586999E-01, HPWL 1.220900E+04, Overflow 7.923592E-02, MaxDensity 1.714E+00, MacroOverlap 8.469E-01, MacroOverlapWeight 8.000000E-06, gamma 5.553471E-01, time 1.680ms
[INFO   ] DREAMPlace - full step 7.586 ms
[INFO   ] DREAMPlace - optimizer step 4.624 ms
[INFO   ] DREAMPlace - iteration  433, (  77,  0,  1), Obj 1.496436E+04, NetCrossing 1.489E+02, NetCrossingWeight 0.000000E+00, DensityWeight 1.586999E-01, HPWL 1.497800E+04, Overflow 6.432354E-02, MaxDensity 1.671E+00, MacroOverlap 4.591E-01, MacroOverlapWeight 8.000000E-06, gamma 5.553471E-01, time 1.269ms
[INFO   ] DREAMPlace - full step 6.633 ms
[INFO   ] DREAMPlace - Lsub stopping criteria: 1 and 14964.4 > 12228.7 * 0.999
[INFO   ] DREAMPlace - optimizer step 5.168 ms
[INFO   ] DREAMPlace - iteration  434, (  77,  1,  0), Obj 1.352037E+04, NetCrossing 1.566E+02, NetCrossingWeight 0.000000E+00, DensityWeight 1.633022E-01, HPWL 1.354448E+04, Overflow 5.688465E-02, MaxDensity 1.500E+00, MacroOverlap 4.409E-01, MacroOverlapWeight 8.000000E-06, gamma 5.553471E-01, time 1.569ms
[INFO   ] DREAMPlace - full step 7.415 ms
[INFO   ] DREAMPlace - optimizer step 5.602 ms
[INFO   ] DREAMPlace - iteration  435, (  77,  1,  1), Obj 1.236022E+04, NetCrossing 1.474E+02, NetCrossingWeight 0.000000E+00, DensityWeight 1.633022E-01, HPWL 1.234289E+04, Overflow 6.999413E-02, MaxDensity 1.623E+00, MacroOverlap 7.826E-01, MacroOverlapWeight 8.000000E-06, gamma 5.553471E-01, time 2.066ms
[INFO   ] DREAMPlace - full step 8.465 ms
[INFO   ] DREAMPlace - optimizer step 4.369 ms
[INFO   ] DREAMPlace - iteration  436, (  77,  2,  0), Obj 1.274580E+04, NetCrossing 1.514E+02, NetCrossingWeight 0.000000E+00, DensityWeight 1.680379E-01, HPWL 1.276152E+04, Overflow 6.915906E-02, MaxDensity 1.500E+00, MacroOverlap 8.760E-01, MacroOverlapWeight 8.000000E-06, gamma 5.553471E-01, time 1.186ms
[INFO   ] DREAMPlace - full step 6.193 ms
[INFO   ] DREAMPlace - optimizer step 4.321 ms
[INFO   ] DREAMPlace - iteration  437, (  77,  2,  1), Obj 1.453886E+04, NetCrossing 1.703E+02, NetCrossingWeight 0.000000E+00, DensityWeight 1.680379E-01, HPWL 1.452567E+04, Overflow 5.671365E-02, MaxDensity 1.500E+00, MacroOverlap 2.432E-01, MacroOverlapWeight 8.000000E-06, gamma 5.553471E-01, time 1.088ms
[INFO   ] DREAMPlace - full step 6.044 ms
[INFO   ] DREAMPlace - Lsub stopping criteria: 1 and 14538.9 > 12745.8 * 0.999
[INFO   ] DREAMPlace - Llambda stopping criteria: 2 and (( 0.0567136 < 0.1 and 14525.7 > 12342.9 ) or 1.5 < 1.0)
[INFO   ] DREAMPlace - optimizer step 4.687 ms
[INFO   ] DREAMPlace - iteration  438, (  78,  0,  0), Obj 1.407403E+04, NetCrossing 1.604E+02, NetCrossingWeight 0.000000E+00, DensityWeight 1.763861E-01, HPWL 1.406646E+04, Overflow 7.255216E-02, MaxDensity 1.526E+00, MacroOverlap 1.046E+00, MacroOverlapWeight 8.000000E-06, gamma 5.509102E-01, time 1.355ms
[INFO   ] DREAMPlace - full step 31.795 ms
[INFO   ] DREAMPlace - optimizer step 5.199 ms
[INFO   ] DREAMPlace - iteration  439, (  78,  0,  1), Obj 1.388526E+04, NetCrossing 1.527E+02, NetCrossingWeight 0.000000E+00, DensityWeight 1.763861E-01, HPWL 1.388806E+04, Overflow 6.236938E-02, MaxDensity 1.500E+00, MacroOverlap 5.371E-01, MacroOverlapWeight 8.000000E-06, gamma 5.509102E-01, time 1.502ms
[INFO   ] DREAMPlace - full step 7.500 ms
[INFO   ] DREAMPlace - optimizer step 5.217 ms
[INFO   ] DREAMPlace - iteration  440, (  78,  1,  0), Obj 1.076776E+04, NetCrossing 1.529E+02, NetCrossingWeight 0.000000E+00, DensityWeight 1.815013E-01, HPWL 1.075415E+04, Overflow 6.544712E-02, MaxDensity 1.500E+00, MacroOverlap 6.988E-01, MacroOverlapWeight 8.000000E-06, gamma 5.509102E-01, time 1.203ms
[INFO   ] DREAMPlace - full step 7.286 ms
[INFO   ] DREAMPlace - optimizer step 4.914 ms
[INFO   ] DREAMPlace - iteration  441, (  78,  1,  1), Obj 1.293426E+04, NetCrossing 1.628E+02, NetCrossingWeight 0.000000E+00, DensityWeight 1.815013E-01, HPWL 1.295136E+04, Overflow 5.735917E-02, MaxDensity 1.754E+00, MacroOverlap 4.367E-01, MacroOverlapWeight 8.000000E-06, gamma 5.509102E-01, time 1.437ms
[INFO   ] DREAMPlace - full step 7.128 ms
[INFO   ] DREAMPlace - Lsub stopping criteria: 1 and 12934.3 > 10767.8 * 0.999
[INFO   ] DREAMPlace - optimizer step 4.822 ms
[INFO   ] DREAMPlace - iteration  442, (  78,  2,  0), Obj 1.137279E+04, NetCrossing 1.567E+02, NetCrossingWeight 0.000000E+00, DensityWeight 1.867649E-01, HPWL 1.139526E+04, Overflow 7.020132E-02, MaxDensity 1.500E+00, MacroOverlap 1.049E+00, MacroOverlapWeight 8.000000E-06, gamma 5.509102E-01, time 1.414ms
[INFO   ] DREAMPlace - full step 6.868 ms
[INFO   ] DREAMPlace - optimizer step 4.438 ms
[INFO   ] DREAMPlace - iteration  443, (  78,  2,  1), Obj 9.109513E+03, NetCrossing 1.648E+02, NetCrossingWeight 0.000000E+00, DensityWeight 1.867649E-01, HPWL 9.124498E+03, Overflow 6.508000E-02, MaxDensity 1.500E+00, MacroOverlap 7.862E-01, MacroOverlapWeight 8.000000E-06, gamma 5.509102E-01, time 1.077ms
[INFO   ] DREAMPlace - full step 6.153 ms
[INFO   ] DREAMPlace - optimizer step 4.666 ms
[INFO   ] DREAMPlace - iteration  444, (  78,  3,  0), Obj 9.543502E+03, NetCrossing 1.603E+02, NetCrossingWeight 0.000000E+00, DensityWeight 1.921811E-01, HPWL 9.572257E+03, Overflow 6.646534E-02, MaxDensity 1.583E+00, MacroOverlap 5.747E-01, MacroOverlapWeight 8.000000E-06, gamma 5.509102E-01, time 1.061ms
[INFO   ] DREAMPlace - full step 27.930 ms
[INFO   ] DREAMPlace - optimizer step 4.350 ms
[INFO   ] DREAMPlace - iteration  445, (  78,  3,  1), Obj 1.255777E+04, NetCrossing 1.572E+02, NetCrossingWeight 0.000000E+00, DensityWeight 1.921811E-01, HPWL 1.257598E+04, Overflow 7.537571E-02, MaxDensity 1.500E+00, MacroOverlap 1.131E+00, MacroOverlapWeight 8.000000E-06, gamma 5.509102E-01, time 1.235ms
[INFO   ] DREAMPlace - full step 10.494 ms
[INFO   ] DREAMPlace - Lsub stopping criteria: 1 and 12557.8 > 9543.5 * 0.999
[INFO   ] DREAMPlace - Llambda stopping criteria: 3 and (( 0.0753757 < 0.1 and 12576 > 9124.5 ) or 1.5 < 1.0)
[INFO   ] DREAMPlace - optimizer step 4.450 ms
[INFO   ] DREAMPlace - iteration  446, (  79,  0,  0), Obj 1.400221E+04, NetCrossing 1.567E+02, NetCrossingWeight 0.000000E+00, DensityWeight 2.016931E-01, HPWL 1.401405E+04, Overflow 7.061131E-02, MaxDensity 1.500E+00, MacroOverlap 6.814E-01, MacroOverlapWeight 8.000000E-06, gamma 6.061109E-01, time 1.334ms
[INFO   ] DREAMPlace - full step 6.439 ms
[INFO   ] DREAMPlace - optimizer step 4.171 ms
[INFO   ] DREAMPlace - iteration  447, (  79,  0,  1), Obj 1.228587E+04, NetCrossing 1.627E+02, NetCrossingWeight 0.000000E+00, DensityWeight 2.016931E-01, HPWL 1.230841E+04, Overflow 6.840731E-02, MaxDensity 2.000E+00, MacroOverlap 9.789E-01, MacroOverlapWeight 8.000000E-06, gamma 6.061109E-01, time 1.102ms
[INFO   ] DREAMPlace - full step 7.069 ms
[INFO   ] DREAMPlace - optimizer step 5.637 ms
[INFO   ] DREAMPlace - iteration  448, (  79,  1,  0), Obj 8.481313E+03, NetCrossing 1.566E+02, NetCrossingWeight 0.000000E+00, DensityWeight 2.075422E-01, HPWL 8.504242E+03, Overflow 7.284165E-02, MaxDensity 1.791E+00, MacroOverlap 1.120E+00, MacroOverlapWeight 8.000000E-06, gamma 6.061109E-01, time 1.426ms
[INFO   ] DREAMPlace - full step 7.802 ms
[INFO   ] DREAMPlace - optimizer step 5.322 ms
[INFO   ] DREAMPlace - iteration  449, (  79,  1,  1), Obj 1.358703E+04, NetCrossing 1.640E+02, NetCrossingWeight 0.000000E+00, DensityWeight 2.075422E-01, HPWL 1.361033E+04, Overflow 6.243008E-02, MaxDensity 1.823E+00, MacroOverlap 4.820E-01, MacroOverlapWeight 8.000000E-06, gamma 6.061109E-01, time 1.390ms
[INFO   ] DREAMPlace - full step 7.485 ms
[INFO   ] DREAMPlace - Lsub stopping criteria: 1 and 13587 > 8481.31 * 0.999
[INFO   ] DREAMPlace - Llambda stopping criteria: 1 and (( 0.0624301 < 0.1 and 13610.3 > 12308.4 ) or 1.82345 < 1.0)
[INFO   ] DREAMPlace - optimizer step 5.865 ms
[INFO   ] DREAMPlace - iteration  450, (  80,  0,  0), Obj 1.301020E+04, NetCrossing 1.615E+02, NetCrossingWeight 0.000000E+00, DensityWeight 2.178797E-01, HPWL 1.303177E+04, Overflow 5.763363E-02, MaxDensity 1.420E+00, MacroOverlap 1.856E-01, MacroOverlapWeight 8.000000E-06, gamma 5.672624E-01, time 1.264ms
[INFO   ] DREAMPlace - full step 7.833 ms
[INFO   ] DREAMPlace - optimizer step 5.044 ms
[INFO   ] DREAMPlace - iteration  451, (  80,  0,  1), Obj 1.043456E+04, NetCrossing 1.705E+02, NetCrossingWeight 0.000000E+00, DensityWeight 2.178797E-01, HPWL 1.044846E+04, Overflow 6.762385E-02, MaxDensity 1.978E+00, MacroOverlap 5.492E-01, MacroOverlapWeight 8.000000E-06, gamma 5.672624E-01, time 1.451ms
[INFO   ] DREAMPlace - full step 7.208 ms
[INFO   ] DREAMPlace - optimizer step 4.361 ms
[INFO   ] DREAMPlace - iteration  452, (  80,  1,  0), Obj 1.349129E+04, NetCrossing 1.649E+02, NetCrossingWeight 0.000000E+00, DensityWeight 2.241982E-01, HPWL 1.350451E+04, Overflow 6.038193E-02, MaxDensity 2.000E+00, MacroOverlap 1.098E+00, MacroOverlapWeight 8.000000E-06, gamma 5.672624E-01, time 1.205ms
[INFO   ] DREAMPlace - full step 6.155 ms
[INFO   ] DREAMPlace - optimizer step 4.168 ms
[INFO   ] DREAMPlace - iteration  453, (  80,  1,  1), Obj 1.576408E+04, NetCrossing 1.807E+02, NetCrossingWeight 0.000000E+00, DensityWeight 2.241982E-01, HPWL 1.576895E+04, Overflow 5.833328E-02, MaxDensity 1.483E+00, MacroOverlap 2.939E-01, MacroOverlapWeight 8.000000E-06, gamma 5.672624E-01, time 1.091ms
[INFO   ] DREAMPlace - full step 5.812 ms
[INFO   ] DREAMPlace - Lsub stopping criteria: 1 and 15764.1 > 13491.3 * 0.999
[INFO   ] DREAMPlace - Llambda stopping criteria: 1 and (( 0.0583333 < 0.1 and 15768.9 > 10448.5 ) or 1.48341 < 1.0)
[INFO   ] DREAMPlace - optimizer step 4.849 ms
[INFO   ] DREAMPlace - iteration  454, (  81,  0,  0), Obj 1.226593E+04, NetCrossing 1.724E+02, NetCrossingWeight 0.000000E+00, DensityWeight 2.352336E-01, HPWL 1.225633E+04, Overflow 5.877548E-02, MaxDensity 1.500E+00, MacroOverlap 3.409E-01, MacroOverlapWeight 8.000000E-06, gamma 5.554948E-01, time 1.372ms
[INFO   ] DREAMPlace - full step 6.781 ms
[INFO   ] DREAMPlace - optimizer step 4.147 ms
[INFO   ] DREAMPlace - iteration  455, (  81,  0,  1), Obj 7.626975E+03, NetCrossing 1.632E+02, NetCrossingWeight 0.000000E+00, DensityWeight 2.352336E-01, HPWL 7.654446E+03, Overflow 7.006052E-02, MaxDensity 2.000E+00, MacroOverlap 1.584E+00, MacroOverlapWeight 8.000000E-06, gamma 5.554948E-01, time 1.094ms
[INFO   ] DREAMPlace - full step 5.801 ms
[INFO   ] DREAMPlace - optimizer step 4.815 ms
[INFO   ] DREAMPlace - iteration  456, (  81,  1,  0), Obj 1.022284E+04, NetCrossing 1.735E+02, NetCrossingWeight 0.000000E+00, DensityWeight 2.420554E-01, HPWL 1.025200E+04, Overflow 6.904125E-02, MaxDensity 1.500E+00, MacroOverlap 7.830E-01, MacroOverlapWeight 8.000000E-06, gamma 5.554948E-01, time 1.082ms
[INFO   ] DREAMPlace - full step 6.461 ms
[INFO   ] DREAMPlace - optimizer step 4.322 ms
[INFO   ] DREAMPlace - iteration  457, (  81,  1,  1), Obj 9.534229E+03, NetCrossing 1.703E+02, NetCrossingWeight 0.000000E+00, DensityWeight 2.420554E-01, HPWL 9.549926E+03, Overflow 7.424367E-02, MaxDensity 1.609E+00, MacroOverlap 1.337E+00, MacroOverlapWeight 8.000000E-06, gamma 5.554948E-01, time 1.084ms
[INFO   ] DREAMPlace - full step 5.958 ms
[INFO   ] DREAMPlace - Llambda stopping criteria: 1 and (( 0.0742437 < 0.1 and 9549.93 > 7654.45 ) or 1.60911 < 1.0)
[INFO   ] DREAMPlace - optimizer step 4.313 ms
[INFO   ] DREAMPlace - iteration  458, (  82,  0,  0), Obj 8.481475E+03, NetCrossing 1.592E+02, NetCrossingWeight 0.000000E+00, DensityWeight 2.540910E-01, HPWL 8.477049E+03, Overflow 7.393229E-02, MaxDensity 2.000E+00, MacroOverlap 1.129E+00, MacroOverlapWeight 8.000000E-06, gamma 6.026101E-01, time 1.266ms
[INFO   ] DREAMPlace - full step 6.177 ms
[INFO   ] DREAMPlace - optimizer step 4.139 ms
[INFO   ] DREAMPlace - iteration  459, (  82,  0,  1), Obj 7.183621E+03, NetCrossing 1.631E+02, NetCrossingWeight 0.000000E+00, DensityWeight 2.540910E-01, HPWL 7.249445E+03, Overflow 6.961947E-02, MaxDensity 2.000E+00, MacroOverlap 1.604E+00, MacroOverlapWeight 8.000000E-06, gamma 6.026101E-01, time 1.080ms
[INFO   ] DREAMPlace - full step 5.780 ms
[INFO   ] DREAMPlace - optimizer step 4.044 ms
[INFO   ] DREAMPlace - iteration  460, (  82,  1,  0), Obj 1.045243E+04, NetCrossing 1.605E+02, NetCrossingWeight 0.000000E+00, DensityWeight 2.614596E-01, HPWL 1.046851E+04, Overflow 7.447231E-02, MaxDensity 1.518E+00, MacroOverlap 8.433E-01, MacroOverlapWeight 8.000000E-06, gamma 6.026101E-01, time 1.057ms
[INFO   ] DREAMPlace - full step 5.655 ms
[INFO   ] DREAMPlace - optimizer step 4.131 ms
[INFO   ] DREAMPlace - iteration  461, (  82,  1,  1), Obj 1.116682E+04, NetCrossing 1.607E+02, NetCrossingWeight 0.000000E+00, DensityWeight 2.614596E-01, HPWL 1.116505E+04, Overflow 6.778009E-02, MaxDensity 1.500E+00, MacroOverlap 5.691E-01, MacroOverlapWeight 8.000000E-06, gamma 6.026101E-01, time 1.083ms
[INFO   ] DREAMPlace - full step 5.795 ms
[INFO   ] DREAMPlace - Lsub stopping criteria: 1 and 11166.8 > 10452.4 * 0.999
[INFO   ] DREAMPlace - Llambda stopping criteria: 1 and (( 0.0677801 < 0.1 and 11165.1 > 7249.45 ) or 1.5 < 1.0)
[INFO   ] DREAMPlace - optimizer step 8.192 ms
[INFO   ] DREAMPlace - iteration  462, (  83,  0,  0), Obj 7.492392E+03, NetCrossing 1.580E+02, NetCrossingWeight 0.000000E+00, DensityWeight 2.743828E-01, HPWL 7.501750E+03, Overflow 6.903303E-02, MaxDensity 1.676E+00, MacroOverlap 6.754E-01, MacroOverlapWeight 8.000000E-06, gamma 5.830058E-01, time 1.232ms
[INFO   ] DREAMPlace - full step 10.117 ms
[INFO   ] DREAMPlace - optimizer step 4.249 ms
[INFO   ] DREAMPlace - iteration  463, (  83,  0,  1), Obj 9.325496E+03, NetCrossing 1.657E+02, NetCrossingWeight 0.000000E+00, DensityWeight 2.743828E-01, HPWL 9.309893E+03, Overflow 6.954134E-02, MaxDensity 2.408E+00, MacroOverlap 9.672E-01, MacroOverlapWeight 8.000000E-06, gamma 5.830058E-01, time 1.129ms
[INFO   ] DREAMPlace - full step 5.992 ms
[INFO   ] DREAMPlace - Lsub stopping criteria: 1 and 9325.5 > 7492.39 * 0.999
[INFO   ] DREAMPlace - optimizer step 4.163 ms
[INFO   ] DREAMPlace - iteration  464, (  83,  1,  0), Obj 1.140630E+04, NetCrossing 1.655E+02, NetCrossingWeight 0.000000E+00, DensityWeight 2.823399E-01, HPWL 1.141124E+04, Overflow 6.275130E-02, MaxDensity 1.500E+00, MacroOverlap 6.033E-01, MacroOverlapWeight 8.000000E-06, gamma 5.830058E-01, time 1.130ms
[INFO   ] DREAMPlace - full step 26.964 ms
[INFO   ] DREAMPlace - optimizer step 4.356 ms
[INFO   ] DREAMPlace - iteration  465, (  83,  1,  1), Obj 8.796428E+03, NetCrossing 1.571E+02, NetCrossingWeight 0.000000E+00, DensityWeight 2.823399E-01, HPWL 8.822918E+03, Overflow 6.710403E-02, MaxDensity 1.870E+00, MacroOverlap 6.461E-01, MacroOverlapWeight 8.000000E-06, gamma 5.830058E-01, time 1.285ms
[INFO   ] DREAMPlace - full step 6.330 ms
[INFO   ] DREAMPlace - optimizer step 4.144 ms
[INFO   ] DREAMPlace - iteration  466, (  83,  2,  0), Obj 9.974542E+03, NetCrossing 1.728E+02, NetCrossingWeight 0.000000E+00, DensityWeight 2.905278E-01, HPWL 9.973765E+03, Overflow 7.353437E-02, MaxDensity 1.500E+00, MacroOverlap 8.989E-01, MacroOverlapWeight 8.000000E-06, gamma 5.830058E-01, time 1.117ms
[INFO   ] DREAMPlace - full step 5.796 ms
[INFO   ] DREAMPlace - optimizer step 4.562 ms
[INFO   ] DREAMPlace - iteration  467, (  83,  2,  1), Obj 8.512132E+03, NetCrossing 1.665E+02, NetCrossingWeight 0.000000E+00, DensityWeight 2.905278E-01, HPWL 8.575283E+03, Overflow 7.547434E-02, MaxDensity 1.500E+00, MacroOverlap 1.127E+00, MacroOverlapWeight 8.000000E-06, gamma 5.830058E-01, time 1.142ms
[INFO   ] DREAMPlace - full step 6.268 ms
[INFO   ] DREAMPlace - optimizer step 4.185 ms
[INFO   ] DREAMPlace - iteration  468, (  83,  3,  0), Obj 8.820144E+03, NetCrossing 1.563E+02, NetCrossingWeight 0.000000E+00, DensityWeight 2.989531E-01, HPWL 8.828515E+03, Overflow 6.956241E-02, MaxDensity 2.072E+00, MacroOverlap 1.521E+00, MacroOverlapWeight 8.000000E-06, gamma 5.830058E-01, time 1.119ms
[INFO   ] DREAMPlace - full step 5.987 ms
[INFO   ] DREAMPlace - optimizer step 4.637 ms
[INFO   ] DREAMPlace - iteration  469, (  83,  3,  1), Obj 9.976446E+03, NetCrossing 1.551E+02, NetCrossingWeight 0.000000E+00, DensityWeight 2.989531E-01, HPWL 1.000453E+04, Overflow 5.796524E-02, MaxDensity 1.809E+00, MacroOverlap 5.038E-01, MacroOverlapWeight 8.000000E-06, gamma 5.830058E-01, time 1.237ms
[INFO   ] DREAMPlace - full step 6.555 ms
[INFO   ] DREAMPlace - Lsub stopping criteria: 1 and 9976.45 > 8820.14 * 0.999
[INFO   ] DREAMPlace - Llambda stopping criteria: 3 and (( 0.0579652 < 0.1 and 10004.5 > 8575.28 ) or 1.80854 < 1.0)
[INFO   ] DREAMPlace - optimizer step 5.148 ms
[INFO   ] DREAMPlace - iteration  470, (  84,  0,  0), Obj 8.817924E+03, NetCrossing 1.547E+02, NetCrossingWeight 0.000000E+00, DensityWeight 3.138382E-01, HPWL 8.879171E+03, Overflow 5.918958E-02, MaxDensity 1.500E+00, MacroOverlap 3.692E-01, MacroOverlapWeight 8.000000E-06, gamma 5.544496E-01, time 1.570ms
[INFO   ] DREAMPlace - full step 7.435 ms
[INFO   ] DREAMPlace - optimizer step 4.384 ms
[INFO   ] DREAMPlace - iteration  471, (  84,  0,  1), Obj 9.508292E+03, NetCrossing 1.555E+02, NetCrossingWeight 0.000000E+00, DensityWeight 3.138382E-01, HPWL 9.520804E+03, Overflow 7.689664E-02, MaxDensity 1.740E+00, MacroOverlap 1.689E+00, MacroOverlapWeight 8.000000E-06, gamma 5.544496E-01, time 1.246ms
[INFO   ] DREAMPlace - full step 6.222 ms
[INFO   ] DREAMPlace - Lsub stopping criteria: 1 and 9508.29 > 8817.92 * 0.999
[INFO   ] DREAMPlace - optimizer step 5.127 ms
[INFO   ] DREAMPlace - iteration  472, (  84,  1,  0), Obj 6.876633E+03, NetCrossing 1.548E+02, NetCrossingWeight 0.000000E+00, DensityWeight 3.229395E-01, HPWL 6.961276E+03, Overflow 7.208657E-02, MaxDensity 2.200E+00, MacroOverlap 9.490E-01, MacroOverlapWeight 8.000000E-06, gamma 5.544496E-01, time 1.042ms
[INFO   ] DREAMPlace - full step 6.755 ms
[INFO   ] DREAMPlace - optimizer step 4.255 ms
[INFO   ] DREAMPlace - iteration  473, (  84,  1,  1), Obj 1.342810E+04, NetCrossing 1.535E+02, NetCrossingWeight 0.000000E+00, DensityWeight 3.229395E-01, HPWL 1.341582E+04, Overflow 5.409293E-02, MaxDensity 1.500E+00, MacroOverlap 1.677E-01, MacroOverlapWeight 8.000000E-06, gamma 5.544496E-01, time 1.141ms
[INFO   ] DREAMPlace - full step 6.020 ms
[INFO   ] DREAMPlace - Lsub stopping criteria: 1 and 13428.1 > 6876.63 * 0.999
[INFO   ] DREAMPlace - Llambda stopping criteria: 1 and (( 0.0540929 < 0.1 and 13415.8 > 9520.8 ) or 1.5 < 1.0)
[INFO   ] DREAMPlace - optimizer step 4.137 ms
[INFO   ] DREAMPlace - iteration  474, (  85,  0,  0), Obj 8.769316E+03, NetCrossing 1.536E+02, NetCrossingWeight 0.000000E+00, DensityWeight 3.389024E-01, HPWL 8.788965E+03, Overflow 6.604711E-02, MaxDensity 1.769E+00, MacroOverlap 6.774E-01, MacroOverlapWeight 8.000000E-06, gamma 5.435718E-01, time 1.090ms
[INFO   ] DREAMPlace - full step 5.751 ms
[INFO   ] DREAMPlace - optimizer step 4.382 ms
[INFO   ] DREAMPlace - iteration  475, (  85,  0,  1), Obj 8.495994E+03, NetCrossing 1.514E+02, NetCrossingWeight 0.000000E+00, DensityWeight 3.389024E-01, HPWL 8.515524E+03, Overflow 7.043624E-02, MaxDensity 1.500E+00, MacroOverlap 8.324E-01, MacroOverlapWeight 8.000000E-06, gamma 5.435718E-01, time 1.037ms
[INFO   ] DREAMPlace - full step 5.946 ms
[INFO   ] DREAMPlace - optimizer step 4.060 ms
[INFO   ] DREAMPlace - iteration  476, (  85,  1,  0), Obj 6.906633E+03, NetCrossing 1.502E+02, NetCrossingWeight 0.000000E+00, DensityWeight 3.487306E-01, HPWL 6.925871E+03, Overflow 7.001962E-02, MaxDensity 2.000E+00, MacroOverlap 1.297E+00, MacroOverlapWeight 8.000000E-06, gamma 5.435718E-01, time 1.059ms
[INFO   ] DREAMPlace - full step 5.664 ms
[INFO   ] DREAMPlace - optimizer step 4.063 ms
[INFO   ] DREAMPlace - iteration  477, (  85,  1,  1), Obj 6.943328E+03, NetCrossing 1.503E+02, NetCrossingWeight 0.000000E+00, DensityWeight 3.487306E-01, HPWL 6.972634E+03, Overflow 7.537063E-02, MaxDensity 2.000E+00, MacroOverlap 1.551E+00, MacroOverlapWeight 8.000000E-06, gamma 5.435718E-01, time 1.090ms
[INFO   ] DREAMPlace - full step 5.752 ms
[INFO   ] DREAMPlace - Lsub stopping criteria: 1 and 6943.33 > 6906.63 * 0.999
[INFO   ] DREAMPlace - optimizer step 4.252 ms
[INFO   ] DREAMPlace - iteration  478, (  85,  2,  0), Obj 7.443306E+03, NetCrossing 1.489E+02, NetCrossingWeight 0.000000E+00, DensityWeight 3.588438E-01, HPWL 7.479747E+03, Overflow 6.989360E-02, MaxDensity 2.002E+00, MacroOverlap 8.798E-01, MacroOverlapWeight 8.000000E-06, gamma 5.435718E-01, time 1.070ms
[INFO   ] DREAMPlace - full step 5.896 ms
[INFO   ] DREAMPlace - optimizer step 4.902 ms
[INFO   ] DREAMPlace - iteration  479, (  85,  2,  1), Obj 7.112730E+03, NetCrossing 1.480E+02, NetCrossingWeight 0.000000E+00, DensityWeight 3.588438E-01, HPWL 7.124918E+03, Overflow 7.796057E-02, MaxDensity 1.994E+00, MacroOverlap 1.474E+00, MacroOverlapWeight 8.000000E-06, gamma 5.435718E-01, time 1.245ms
[INFO   ] DREAMPlace - full step 6.841 ms
[INFO   ] DREAMPlace - Llambda stopping criteria: 2 and (( 0.0779606 < 0.1 and 7124.92 > 6972.63 ) or 1.99395 < 1.0)
[INFO   ] DREAMPlace - optimizer step 8.102 ms
[INFO   ] DREAMPlace - iteration  480, (  86,  0,  0), Obj 6.882350E+03, NetCrossing 1.489E+02, NetCrossingWeight 0.000000E+00, DensityWeight 3.767780E-01, HPWL 6.905427E+03, Overflow 7.350135E-02, MaxDensity 1.948E+00, MacroOverlap 1.152E+00, MacroOverlapWeight 8.000000E-06, gamma 6.141807E-01, time 1.249ms
[INFO   ] DREAMPlace - full step 10.019 ms
[INFO   ] DREAMPlace - optimizer step 4.251 ms
[INFO   ] DREAMPlace - iteration  481, (  86,  0,  1), Obj 6.307204E+03, NetCrossing 1.471E+02, NetCrossingWeight 0.000000E+00, DensityWeight 3.767780E-01, HPWL 6.352134E+03, Overflow 7.901152E-02, MaxDensity 2.290E+00, MacroOverlap 1.296E+00, MacroOverlapWeight 8.000000E-06, gamma 6.141807E-01, time 1.089ms
[INFO   ] DREAMPlace - full step 5.969 ms
[INFO   ] DREAMPlace - optimizer step 4.288 ms
[INFO   ] DREAMPlace - iteration  482, (  86,  1,  0), Obj 5.265721E+03, NetCrossing 1.447E+02, NetCrossingWeight 0.000000E+00, DensityWeight 3.877046E-01, HPWL 5.299686E+03, Overflow 7.449138E-02, MaxDensity 1.941E+00, MacroOverlap 1.279E+00, MacroOverlapWeight 8.000000E-06, gamma 6.141807E-01, time 1.107ms
[INFO   ] DREAMPlace - full step 5.990 ms
[INFO   ] DREAMPlace - optimizer step 4.183 ms
[INFO   ] DREAMPlace - iteration  483, (  86,  1,  1), Obj 4.913402E+03, NetCrossing 1.440E+02, NetCrossingWeight 0.000000E+00, DensityWeight 3.877046E-01, HPWL 5.013544E+03, Overflow 7.948308E-02, MaxDensity 1.934E+00, MacroOverlap 1.575E+00, MacroOverlapWeight 8.000000E-06, gamma 6.141807E-01, time 1.078ms
[INFO   ] DREAMPlace - full step 5.866 ms
[INFO   ] DREAMPlace - optimizer step 4.638 ms
[INFO   ] DREAMPlace - iteration  484, (  86,  2,  0), Obj 9.535126E+03, NetCrossing 1.433E+02, NetCrossingWeight 0.000000E+00, DensityWeight 3.989480E-01, HPWL 9.560472E+03, Overflow 6.926120E-02, MaxDensity 1.867E+00, MacroOverlap 9.447E-01, MacroOverlapWeight 8.000000E-06, gamma 6.141807E-01, time 1.103ms
[INFO   ] DREAMPlace - full step 6.344 ms
[INFO   ] DREAMPlace - optimizer step 4.848 ms
[INFO   ] DREAMPlace - iteration  485, (  86,  2,  1), Obj 9.446296E+03, NetCrossing 1.472E+02, NetCrossingWeight 0.000000E+00, DensityWeight 3.989480E-01, HPWL 9.450798E+03, Overflow 6.686541E-02, MaxDensity 1.500E+00, MacroOverlap 8.862E-01, MacroOverlapWeight 8.000000E-06, gamma 6.141807E-01, time 1.380ms
[INFO   ] DREAMPlace - full step 6.867 ms
[INFO   ] DREAMPlace - Llambda stopping criteria: 2 and (( 0.0668654 < 0.1 and 9450.8 > 5013.54 ) or 1.5 < 1.0)
[INFO   ] DREAMPlace - optimizer step 5.118 ms
[INFO   ] DREAMPlace - iteration  486, (  87,  0,  0), Obj 5.846197E+03, NetCrossing 1.413E+02, NetCrossingWeight 0.000000E+00, DensityWeight 4.186364E-01, HPWL 5.921192E+03, Overflow 7.364286E-02, MaxDensity 1.500E+00, MacroOverlap 1.171E+00, MacroOverlapWeight 8.000000E-06, gamma 5.802836E-01, time 1.152ms
[INFO   ] DREAMPlace - full step 6.913 ms
[INFO   ] DREAMPlace - optimizer step 4.706 ms
[INFO   ] DREAMPlace - iteration  487, (  87,  0,  1), Obj 7.265843E+03, NetCrossing 1.381E+02, NetCrossingWeight 0.000000E+00, DensityWeight 4.186364E-01, HPWL 7.286875E+03, Overflow 7.444110E-02, MaxDensity 2.000E+00, MacroOverlap 1.743E+00, MacroOverlapWeight 8.000000E-06, gamma 5.802836E-01, time 1.563ms
[INFO   ] DREAMPlace - full step 7.399 ms
[INFO   ] DREAMPlace - Lsub stopping criteria: 1 and 7265.84 > 5846.2 * 0.999
[INFO   ] DREAMPlace - optimizer step 4.250 ms
[INFO   ] DREAMPlace - iteration  488, (  87,  1,  0), Obj 6.027225E+03, NetCrossing 1.349E+02, NetCrossingWeight 0.000000E+00, DensityWeight 4.307769E-01, HPWL 6.028847E+03, Overflow 7.699881E-02, MaxDensity 2.393E+00, MacroOverlap 1.606E+00, MacroOverlapWeight 8.000000E-06, gamma 5.802836E-01, time 1.114ms
[INFO   ] DREAMPlace - full step 5.977 ms
[INFO   ] DREAMPlace - optimizer step 4.201 ms
[INFO   ] DREAMPlace - iteration  489, (  87,  1,  1), Obj 7.967277E+03, NetCrossing 1.367E+02, NetCrossingWeight 0.000000E+00, DensityWeight 4.307769E-01, HPWL 7.955335E+03, Overflow 6.752522E-02, MaxDensity 1.811E+00, MacroOverlap 7.637E-01, MacroOverlapWeight 8.000000E-06, gamma 5.802836E-01, time 1.109ms
[INFO   ] DREAMPlace - full step 5.894 ms
[INFO   ] DREAMPlace - Lsub stopping criteria: 1 and 7967.28 > 6027.23 * 0.999
[INFO   ] DREAMPlace - Llambda stopping criteria: 1 and (( 0.0675252 < 0.1 and 7955.34 > 7286.88 ) or 1.81114 < 1.0)
[INFO   ] DREAMPlace - optimizer step 4.237 ms
[INFO   ] DREAMPlace - iteration  490, (  88,  0,  0), Obj 6.818643E+03, NetCrossing 1.356E+02, NetCrossingWeight 0.000000E+00, DensityWeight 4.522735E-01, HPWL 6.879255E+03, Overflow 6.884669E-02, MaxDensity 1.649E+00, MacroOverlap 1.244E+00, MacroOverlapWeight 8.000000E-06, gamma 5.822460E-01, time 1.062ms
[INFO   ] DREAMPlace - full step 5.879 ms
[INFO   ] DREAMPlace - optimizer step 4.125 ms
[INFO   ] DREAMPlace - iteration  491, (  88,  0,  1), Obj 6.365895E+03, NetCrossing 1.336E+02, NetCrossingWeight 0.000000E+00, DensityWeight 4.522735E-01, HPWL 6.364436E+03, Overflow 7.327786E-02, MaxDensity 2.000E+00, MacroOverlap 1.302E+00, MacroOverlapWeight 8.000000E-06, gamma 5.822460E-01, time 1.113ms
[INFO   ] DREAMPlace - full step 5.817 ms
[INFO   ] DREAMPlace - optimizer step 4.915 ms
[INFO   ] DREAMPlace - iteration  492, (  88,  1,  0), Obj 7.582683E+03, NetCrossing 1.317E+02, NetCrossingWeight 0.000000E+00, DensityWeight 4.653895E-01, HPWL 7.582933E+03, Overflow 6.970987E-02, MaxDensity 1.956E+00, MacroOverlap 1.304E+00, MacroOverlapWeight 8.000000E-06, gamma 5.822460E-01, time 1.180ms
[INFO   ] DREAMPlace - full step 6.684 ms
[INFO   ] DREAMPlace - optimizer step 4.822 ms
[INFO   ] DREAMPlace - iteration  493, (  88,  1,  1), Obj 6.394138E+03, NetCrossing 1.318E+02, NetCrossingWeight 0.000000E+00, DensityWeight 4.653895E-01, HPWL 6.406215E+03, Overflow 7.064054E-02, MaxDensity 2.000E+00, MacroOverlap 1.228E+00, MacroOverlapWeight 8.000000E-06, gamma 5.822460E-01, time 1.262ms
[INFO   ] DREAMPlace - full step 6.744 ms
[INFO   ] DREAMPlace - Llambda stopping criteria: 1 and (( 0.0706405 < 0.1 and 6406.21 > 6364.44 ) or 2 < 1.0)
[INFO   ] DREAMPlace - optimizer step 8.460 ms
[INFO   ] DREAMPlace - iteration  494, (  89,  0,  0), Obj 6.736346E+03, NetCrossing 1.327E+02, NetCrossingWeight 0.000000E+00, DensityWeight 4.886561E-01, HPWL 6.755068E+03, Overflow 6.865062E-02, MaxDensity 1.500E+00, MacroOverlap 9.756E-01, MacroOverlapWeight 8.000000E-06, gamma 5.916018E-01, time 1.131ms
[INFO   ] DREAMPlace - full step 10.224 ms
[INFO   ] DREAMPlace - optimizer step 4.179 ms
[INFO   ] DREAMPlace - iteration  495, (  89,  0,  1), Obj 7.707219E+03, NetCrossing 1.335E+02, NetCrossingWeight 0.000000E+00, DensityWeight 4.886561E-01, HPWL 7.715521E+03, Overflow 6.925481E-02, MaxDensity 1.747E+00, MacroOverlap 9.523E-01, MacroOverlapWeight 8.000000E-06, gamma 5.916018E-01, time 1.224ms
[INFO   ] DREAMPlace - full step 5.978 ms
[INFO   ] DREAMPlace - Lsub stopping criteria: 1 and 7707.22 > 6736.35 * 0.999
[INFO   ] DREAMPlace - optimizer step 9.118 ms
[INFO   ] DREAMPlace - iteration  496, (  89,  1,  0), Obj 5.577412E+03, NetCrossing 1.312E+02, NetCrossingWeight 0.000000E+00, DensityWeight 5.129952E-01, HPWL 5.616520E+03, Overflow 6.859683E-02, MaxDensity 1.660E+00, MacroOverlap 8.969E-01, MacroOverlapWeight 8.000000E-06, gamma 5.916018E-01, time 1.083ms
[INFO   ] DREAMPlace - full step 10.908 ms
[INFO   ] DREAMPlace - optimizer step 4.171 ms
[INFO   ] DREAMPlace - iteration  497, (  89,  1,  1), Obj 6.777039E+03, NetCrossing 1.301E+02, NetCrossingWeight 0.000000E+00, DensityWeight 5.129952E-01, HPWL 6.806067E+03, Overflow 6.804776E-02, MaxDensity 2.000E+00, MacroOverlap 1.004E+00, MacroOverlapWeight 8.000000E-06, gamma 5.916018E-01, time 1.071ms
[INFO   ] DREAMPlace - full step 5.903 ms
[INFO   ] DREAMPlace - Lsub stopping criteria: 1 and 6777.04 > 5577.41 * 0.999
[INFO   ] DREAMPlace - optimizer step 4.215 ms
[INFO   ] DREAMPlace - iteration  498, (  89,  2,  0), Obj 8.355331E+03, NetCrossing 1.318E+02, NetCrossingWeight 0.000000E+00, DensityWeight 5.278721E-01, HPWL 8.379376E+03, Overflow 5.421269E-02, MaxDensity 1.500E+00, MacroOverlap 6.329E-01, MacroOverlapWeight 8.000000E-06, gamma 5.916018E-01, time 1.027ms
[INFO   ] DREAMPlace - full step 5.774 ms
[INFO   ] DREAMPlace - optimizer step 4.031 ms
[INFO   ] DREAMPlace - iteration  499, (  89,  2,  1), Obj 7.071046E+03, NetCrossing 1.305E+02, NetCrossingWeight 0.000000E+00, DensityWeight 5.278721E-01, HPWL 7.102445E+03, Overflow 5.538255E-02, MaxDensity 1.500E+00, MacroOverlap 6.969E-01, MacroOverlapWeight 8.000000E-06, gamma 5.916018E-01, time 1.116ms
[INFO   ] DREAMPlace - full step 5.670 ms
[INFO   ] DREAMPlace - Llambda stopping criteria: 2 and (( 0.0553825 < 0.1 and 7102.45 > 6806.07 ) or 1.5 < 1.0)
[INFO   ] DREAMPlace - optimizer step 4.147 ms
[INFO   ] DREAMPlace - iteration  500, (  90,  0,  0), Obj 6.451917E+03, NetCrossing 1.293E+02, NetCrossingWeight 0.000000E+00, DensityWeight 5.542428E-01, HPWL 6.562579E+03, Overflow 5.481068E-02, MaxDensity 1.500E+00, MacroOverlap 9.518E-01, MacroOverlapWeight 8.000000E-06, gamma 5.471706E-01, time 1.101ms
[INFO   ] DREAMPlace - full step 129.668 ms
[INFO   ] DREAMPlace - optimizer step 4.078 ms
[INFO   ] DREAMPlace - iteration  501, (  90,  0,  1), Obj 7.768431E+03, NetCrossing 1.299E+02, NetCrossingWeight 0.000000E+00, DensityWeight 5.542428E-01, HPWL 7.780706E+03, Overflow 5.571092E-02, MaxDensity 1.500E+00, MacroOverlap 8.193E-01, MacroOverlapWeight 8.000000E-06, gamma 5.471706E-01, time 1.037ms
[INFO   ] DREAMPlace - full step 5.724 ms
[INFO   ] DREAMPlace - Lsub stopping criteria: 1 and 7768.43 > 6451.92 * 0.999
[INFO   ] DREAMPlace - optimizer step 4.138 ms
[INFO   ] DREAMPlace - iteration  502, (  90,  1,  0), Obj 7.645540E+03, NetCrossing 1.300E+02, NetCrossingWeight 0.000000E+00, DensityWeight 5.818999E-01, HPWL 7.682137E+03, Overflow 5.123940E-02, MaxDensity 1.637E+00, MacroOverlap 5.865E-01, MacroOverlapWeight 8.000000E-06, gamma 5.471706E-01, time 1.469ms
[INFO   ] DREAMPlace - full step 6.237 ms
[INFO   ] DREAMPlace - optimizer step 8.250 ms
[INFO   ] DREAMPlace - iteration  503, (  90,  1,  1), Obj 7.702186E+03, NetCrossing 1.293E+02, NetCrossingWeight 0.000000E+00, DensityWeight 5.818999E-01, HPWL 7.732214E+03, Overflow 5.201370E-02, MaxDensity 1.529E+00, MacroOverlap 6.497E-01, MacroOverlapWeight 8.000000E-06, gamma 5.471706E-01, time 1.030ms
[INFO   ] DREAMPlace - full step 9.855 ms
[INFO   ] DREAMPlace - Lsub stopping criteria: 1 and 7702.19 > 7645.54 * 0.999
[INFO   ] DREAMPlace - optimizer step 4.079 ms
[INFO   ] DREAMPlace - iteration  504, (  90,  2,  0), Obj 7.409743E+03, NetCrossing 1.278E+02, NetCrossingWeight 0.000000E+00, DensityWeight 5.987751E-01, HPWL 7.435595E+03, Overflow 5.386592E-02, MaxDensity 1.879E+00, MacroOverlap 8.151E-01, MacroOverlapWeight 8.000000E-06, gamma 5.471706E-01, time 1.092ms
[INFO   ] DREAMPlace - full step 5.731 ms
[INFO   ] DREAMPlace - optimizer step 4.477 ms
[INFO   ] DREAMPlace - iteration  505, (  90,  2,  1), Obj 5.751322E+03, NetCrossing 1.285E+02, NetCrossingWeight 0.000000E+00, DensityWeight 5.987751E-01, HPWL 5.824929E+03, Overflow 5.297790E-02, MaxDensity 2.000E+00, MacroOverlap 6.954E-01, MacroOverlapWeight 8.000000E-06, gamma 5.471706E-01, time 1.084ms
[INFO   ] DREAMPlace - full step 6.485 ms
[INFO   ] DREAMPlace - optimizer step 4.668 ms
[INFO   ] DREAMPlace - iteration  506, (  90,  3,  0), Obj 7.649505E+03, NetCrossing 1.271E+02, NetCrossingWeight 0.000000E+00, DensityWeight 6.161396E-01, HPWL 7.673235E+03, Overflow 5.870667E-02, MaxDensity 2.000E+00, MacroOverlap 1.048E+00, MacroOverlapWeight 8.000000E-06, gamma 5.471706E-01, time 1.274ms
[INFO   ] DREAMPlace - full step 6.592 ms
[INFO   ] DREAMPlace - optimizer step 4.190 ms
[INFO   ] DREAMPlace - iteration  507, (  90,  3,  1), Obj 6.327435E+03, NetCrossing 1.276E+02, NetCrossingWeight 0.000000E+00, DensityWeight 6.161396E-01, HPWL 6.379619E+03, Overflow 5.665309E-02, MaxDensity 1.781E+00, MacroOverlap 9.818E-01, MacroOverlapWeight 8.000000E-06, gamma 5.471706E-01, time 1.276ms
[INFO   ] DREAMPlace - full step 6.102 ms
[INFO   ] DREAMPlace - Llambda stopping criteria: 3 and (( 0.0566531 < 0.1 and 6379.62 > 5824.93 ) or 1.78059 < 1.0)
[INFO   ] DREAMPlace - optimizer step 8.191 ms
[INFO   ] DREAMPlace - iteration  508, (  91,  0,  0), Obj 7.196083E+03, NetCrossing 1.294E+02, NetCrossingWeight 0.000000E+00, DensityWeight 6.468965E-01, HPWL 7.266337E+03, Overflow 5.042545E-02, MaxDensity 1.545E+00, MacroOverlap 5.333E-01, MacroOverlapWeight 8.000000E-06, gamma 5.507395E-01, time 1.073ms
[INFO   ] DREAMPlace - full step 9.843 ms
[INFO   ] DREAMPlace - optimizer step 4.290 ms
[INFO   ] DREAMPlace - iteration  509, (  91,  0,  1), Obj 8.648982E+03, NetCrossing 1.294E+02, NetCrossingWeight 0.000000E+00, DensityWeight 6.468965E-01, HPWL 8.680385E+03, Overflow 4.722362E-02, MaxDensity 1.500E+00, MacroOverlap 3.903E-01, MacroOverlapWeight 8.000000E-06, gamma 5.507395E-01, time 1.334ms
[INFO   ] DREAMPlace - full step 6.201 ms
[INFO   ] DREAMPlace - Lsub stopping criteria: 1 and 8648.98 > 7196.08 * 0.999
[INFO   ] DREAMPlace - optimizer step 4.017 ms
[INFO   ] DREAMPlace - iteration  510, (  91,  1,  0), Obj 7.771430E+03, NetCrossing 1.273E+02, NetCrossingWeight 0.000000E+00, DensityWeight 6.790236E-01, HPWL 7.787383E+03, Overflow 4.884361E-02, MaxDensity 1.580E+00, MacroOverlap 3.353E-01, MacroOverlapWeight 8.000000E-06, gamma 5.507395E-01, time 1.103ms
[INFO   ] DREAMPlace - full step 5.713 ms
[INFO   ] DREAMPlace - optimizer step 9.130 ms
[INFO   ] DREAMPlace - iteration  511, (  91,  1,  1), Obj 6.483527E+03, NetCrossing 1.266E+02, NetCrossingWeight 0.000000E+00, DensityWeight 6.790236E-01, HPWL 6.555200E+03, Overflow 5.247476E-02, MaxDensity 1.638E+00, MacroOverlap 4.252E-01, MacroOverlapWeight 8.000000E-06, gamma 5.507395E-01, time 1.015ms
[INFO   ] DREAMPlace - full step 10.776 ms
[INFO   ] DREAMPlace - optimizer step 4.161 ms
[INFO   ] DREAMPlace - iteration  512, (  91,  2,  0), Obj 6.634659E+03, NetCrossing 1.254E+02, NetCrossingWeight 0.000000E+00, DensityWeight 6.987153E-01, HPWL 6.692498E+03, Overflow 5.234845E-02, MaxDensity 2.000E+00, MacroOverlap 5.671E-01, MacroOverlapWeight 8.000000E-06, gamma 5.507395E-01, time 1.161ms
[INFO   ] DREAMPlace - full step 5.968 ms
[INFO   ] DREAMPlace - optimizer step 4.054 ms
[INFO   ] DREAMPlace - iteration  513, (  91,  2,  1), Obj 7.028369E+03, NetCrossing 1.242E+02, NetCrossingWeight 0.000000E+00, DensityWeight 6.987153E-01, HPWL 7.073150E+03, Overflow 5.227306E-02, MaxDensity 1.917E+00, MacroOverlap 7.558E-01, MacroOverlapWeight 8.000000E-06, gamma 5.507395E-01, time 1.039ms
[INFO   ] DREAMPlace - full step 5.625 ms
[INFO   ] DREAMPlace - Lsub stopping criteria: 1 and 7028.37 > 6634.66 * 0.999
[INFO   ] DREAMPlace - Llambda stopping criteria: 2 and (( 0.0522731 < 0.1 and 7073.15 > 6555.2 ) or 1.91721 < 1.0)
[INFO   ] DREAMPlace - optimizer step 4.075 ms
[INFO   ] DREAMPlace - iteration  514, (  92,  0,  0), Obj 7.409489E+03, NetCrossing 1.240E+02, NetCrossingWeight 0.000000E+00, DensityWeight 7.335981E-01, HPWL 7.420150E+03, Overflow 5.348298E-02, MaxDensity 2.000E+00, MacroOverlap 8.122E-01, MacroOverlapWeight 8.000000E-06, gamma 5.385336E-01, time 1.065ms
[INFO   ] DREAMPlace - full step 6.019 ms
[INFO   ] DREAMPlace - optimizer step 7.912 ms
[INFO   ] DREAMPlace - iteration  515, (  92,  0,  1), Obj 6.794218E+03, NetCrossing 1.247E+02, NetCrossingWeight 0.000000E+00, DensityWeight 7.335981E-01, HPWL 6.832979E+03, Overflow 5.314096E-02, MaxDensity 1.880E+00, MacroOverlap 6.913E-01, MacroOverlapWeight 8.000000E-06, gamma 5.385336E-01, time 1.078ms
[INFO   ] DREAMPlace - full step 9.542 ms
[INFO   ] DREAMPlace - optimizer step 4.099 ms
[INFO   ] DREAMPlace - iteration  516, (  92,  1,  0), Obj 6.544972E+03, NetCrossing 1.236E+02, NetCrossingWeight 0.000000E+00, DensityWeight 7.548724E-01, HPWL 6.617932E+03, Overflow 4.750101E-02, MaxDensity 1.673E+00, MacroOverlap 4.636E-01, MacroOverlapWeight 8.000000E-06, gamma 5.385336E-01, time 1.206ms
[INFO   ] DREAMPlace - full step 5.847 ms
[INFO   ] DREAMPlace - optimizer step 4.055 ms
[INFO   ] DREAMPlace - iteration  517, (  92,  1,  1), Obj 8.312441E+03, NetCrossing 1.230E+02, NetCrossingWeight 0.000000E+00, DensityWeight 7.548724E-01, HPWL 8.332859E+03, Overflow 4.645957E-02, MaxDensity 1.728E+00, MacroOverlap 3.577E-01, MacroOverlapWeight 8.000000E-06, gamma 5.385336E-01, time 1.064ms
[INFO   ] DREAMPlace - full step 5.663 ms
[INFO   ] DREAMPlace - Lsub stopping criteria: 1 and 8312.44 > 6544.97 * 0.999
[INFO   ] DREAMPlace - Llambda stopping criteria: 1 and (( 0.0464596 < 0.1 and 8332.86 > 6832.98 ) or 1.72797 < 1.0)
[INFO   ] DREAMPlace - optimizer step 4.086 ms
[INFO   ] DREAMPlace - iteration  518, (  93,  0,  0), Obj 6.612194E+03, NetCrossing 1.231E+02, NetCrossingWeight 0.000000E+00, DensityWeight 7.924504E-01, HPWL 6.719153E+03, Overflow 4.458534E-02, MaxDensity 1.586E+00, MacroOverlap 2.832E-01, MacroOverlapWeight 8.000000E-06, gamma 5.227499E-01, time 1.049ms
[INFO   ] DREAMPlace - full step 5.685 ms
[INFO   ] DREAMPlace - optimizer step 8.768 ms
[INFO   ] DREAMPlace - iteration  519, (  93,  0,  1), Obj 9.580471E+03, NetCrossing 1.236E+02, NetCrossingWeight 0.000000E+00, DensityWeight 7.924504E-01, HPWL 9.583451E+03, Overflow 4.189276E-02, MaxDensity 1.500E+00, MacroOverlap 2.270E-01, MacroOverlapWeight 8.000000E-06, gamma 5.227499E-01, time 1.060ms
[INFO   ] DREAMPlace - full step 10.405 ms
[INFO   ] DREAMPlace - Lsub stopping criteria: 1 and 9580.47 > 6612.19 * 0.999
[INFO   ] DREAMPlace - optimizer step 4.261 ms
[INFO   ] DREAMPlace - iteration  520, (  93,  1,  0), Obj 7.830643E+03, NetCrossing 1.227E+02, NetCrossingWeight 0.000000E+00, DensityWeight 8.319278E-01, HPWL 7.881925E+03, Overflow 4.480470E-02, MaxDensity 1.489E+00, MacroOverlap 3.065E-01, MacroOverlapWeight 8.000000E-06, gamma 5.227499E-01, time 1.050ms
[INFO   ] DREAMPlace - full step 5.890 ms
[INFO   ] DREAMPlace - optimizer step 4.201 ms
[INFO   ] DREAMPlace - iteration  521, (  93,  1,  1), Obj 8.039285E+03, NetCrossing 1.218E+02, NetCrossingWeight 0.000000E+00, DensityWeight 8.319278E-01, HPWL 8.033231E+03, Overflow 4.926959E-02, MaxDensity 1.659E+00, MacroOverlap 4.556E-01, MacroOverlapWeight 8.000000E-06, gamma 5.227499E-01, time 1.097ms
[INFO   ] DREAMPlace - full step 5.905 ms
[INFO   ] DREAMPlace - Lsub stopping criteria: 1 and 8039.29 > 7830.64 * 0.999
[INFO   ] DREAMPlace - optimizer step 9.234 ms
[INFO   ] DREAMPlace - iteration  522, (  93,  2,  0), Obj 6.670735E+03, NetCrossing 1.215E+02, NetCrossingWeight 0.000000E+00, DensityWeight 8.560537E-01, HPWL 6.694229E+03, Overflow 5.149918E-02, MaxDensity 1.675E+00, MacroOverlap 5.918E-01, MacroOverlapWeight 8.000000E-06, gamma 5.227499E-01, time 1.210ms
[INFO   ] DREAMPlace - full step 11.102 ms
[INFO   ] DREAMPlace - optimizer step 4.611 ms
[INFO   ] DREAMPlace - iteration  523, (  93,  2,  1), Obj 6.599477E+03, NetCrossing 1.214E+02, NetCrossingWeight 0.000000E+00, DensityWeight 8.560537E-01, HPWL 6.646233E+03, Overflow 5.136236E-02, MaxDensity 1.616E+00, MacroOverlap 5.900E-01, MacroOverlapWeight 8.000000E-06, gamma 5.227499E-01, time 1.191ms
[INFO   ] DREAMPlace - full step 6.410 ms
[INFO   ] DREAMPlace - optimizer step 10.500 ms
[INFO   ] DREAMPlace - iteration  524, (  93,  3,  0), Obj 6.863901E+03, NetCrossing 1.215E+02, NetCrossingWeight 0.000000E+00, DensityWeight 8.808793E-01, HPWL 6.870089E+03, Overflow 5.182364E-02, MaxDensity 1.657E+00, MacroOverlap 6.500E-01, MacroOverlapWeight 8.000000E-06, gamma 5.227499E-01, time 1.207ms
[INFO   ] DREAMPlace - full step 12.365 ms
[INFO   ] DREAMPlace - optimizer step 4.355 ms
[INFO   ] DREAMPlace - iteration  525, (  93,  3,  1), Obj 6.638490E+03, NetCrossing 1.217E+02, NetCrossingWeight 0.000000E+00, DensityWeight 8.808793E-01, HPWL 6.680918E+03, Overflow 5.059561E-02, MaxDensity 1.566E+00, MacroOverlap 6.371E-01, MacroOverlapWeight 8.000000E-06, gamma 5.227499E-01, time 1.388ms
[INFO   ] DREAMPlace - full step 6.397 ms
[INFO   ] DREAMPlace - Llambda stopping criteria: 3 and (( 0.0505956 < 0.1 and 6680.92 > 6646.23 ) or 1.56644 < 1.0)
[INFO   ] DREAMPlace - optimizer step 8.775 ms
[INFO   ] DREAMPlace - iteration  526, (  94,  0,  0), Obj 6.416317E+03, NetCrossing 1.221E+02, NetCrossingWeight 0.000000E+00, DensityWeight 9.249187E-01, HPWL 6.489276E+03, Overflow 5.046831E-02, MaxDensity 1.595E+00, MacroOverlap 6.822E-01, MacroOverlapWeight 8.000000E-06, gamma 5.339310E-01, time 1.306ms
[INFO   ] DREAMPlace - full step 10.717 ms
[INFO   ] DREAMPlace - optimizer step 4.423 ms
[INFO   ] DREAMPlace - iteration  527, (  94,  0,  1), Obj 6.753583E+03, NetCrossing 1.222E+02, NetCrossingWeight 0.000000E+00, DensityWeight 9.249187E-01, HPWL 6.781058E+03, Overflow 5.026361E-02, MaxDensity 1.663E+00, MacroOverlap 7.375E-01, MacroOverlapWeight 8.000000E-06, gamma 5.339310E-01, time 1.076ms
[INFO   ] DREAMPlace - full step 6.087 ms
[INFO   ] DREAMPlace - Lsub stopping criteria: 1 and 6753.58 > 6416.32 * 0.999
[INFO   ] DREAMPlace - optimizer step 4.808 ms
[INFO   ] DREAMPlace - iteration  528, (  94,  1,  0), Obj 6.497921E+03, NetCrossing 1.220E+02, NetCrossingWeight 0.000000E+00, DensityWeight 9.711511E-01, HPWL 6.546419E+03, Overflow 4.963458E-02, MaxDensity 1.640E+00, MacroOverlap 6.200E-01, MacroOverlapWeight 8.000000E-06, gamma 5.339310E-01, time 1.195ms
[INFO   ] DREAMPlace - full step 6.586 ms
[INFO   ] DREAMPlace - optimizer step 4.144 ms
[INFO   ] DREAMPlace - iteration  529, (  94,  1,  1), Obj 7.106393E+03, NetCrossing 1.224E+02, NetCrossingWeight 0.000000E+00, DensityWeight 9.711511E-01, HPWL 7.136895E+03, Overflow 4.878848E-02, MaxDensity 1.717E+00, MacroOverlap 6.380E-01, MacroOverlapWeight 8.000000E-06, gamma 5.339310E-01, time 1.374ms
[INFO   ] DREAMPlace - full step 6.156 ms
[INFO   ] DREAMPlace - Lsub stopping criteria: 1 and 7106.39 > 6497.92 * 0.999
[INFO   ] DREAMPlace - Llambda stopping criteria: 1 and (( 0.0487885 < 0.1 and 7136.89 > 6781.06 ) or 1.71697 < 1.0)
[INFO   ] DREAMPlace - optimizer step 4.194 ms
[INFO   ] DREAMPlace - iteration  530, (  95,  0,  0), Obj 6.635029E+03, NetCrossing 1.224E+02, NetCrossingWeight 0.000000E+00, DensityWeight 1.019658E+00, HPWL 6.683617E+03, Overflow 4.676358E-02, MaxDensity 1.686E+00, MacroOverlap 4.684E-01, MacroOverlapWeight 8.000000E-06, gamma 5.290166E-01, time 1.092ms
[INFO   ] DREAMPlace - full step 5.835 ms
[INFO   ] DREAMPlace - optimizer step 4.151 ms
[INFO   ] DREAMPlace - iteration  531, (  95,  0,  1), Obj 6.919087E+03, NetCrossing 1.231E+02, NetCrossingWeight 0.000000E+00, DensityWeight 1.019658E+00, HPWL 6.968455E+03, Overflow 4.587299E-02, MaxDensity 1.747E+00, MacroOverlap 4.706E-01, MacroOverlapWeight 8.000000E-06, gamma 5.290166E-01, time 1.033ms
[INFO   ] DREAMPlace - full step 5.755 ms
[INFO   ] DREAMPlace - Lsub stopping criteria: 1 and 6919.09 > 6635.03 * 0.999
[INFO   ] DREAMPlace - optimizer step 4.199 ms
[INFO   ] DREAMPlace - iteration  532, (  95,  1,  0), Obj 6.526845E+03, NetCrossing 1.228E+02, NetCrossingWeight 0.000000E+00, DensityWeight 1.049228E+00, HPWL 6.595522E+03, Overflow 4.387213E-02, MaxDensity 1.651E+00, MacroOverlap 3.301E-01, MacroOverlapWeight 8.000000E-06, gamma 5.290166E-01, time 1.047ms
[INFO   ] DREAMPlace - full step 5.782 ms
[INFO   ] DREAMPlace - optimizer step 4.384 ms
[INFO   ] DREAMPlace - iteration  533, (  95,  1,  1), Obj 7.131701E+03, NetCrossing 1.230E+02, NetCrossingWeight 0.000000E+00, DensityWeight 1.049228E+00, HPWL 7.219285E+03, Overflow 4.275641E-02, MaxDensity 1.604E+00, MacroOverlap 3.872E-01, MacroOverlapWeight 8.000000E-06, gamma 5.290166E-01, time 1.052ms
[INFO   ] DREAMPlace - full step 6.058 ms
[INFO   ] DREAMPlace - Lsub stopping criteria: 1 and 7131.7 > 6526.84 * 0.999
[INFO   ] DREAMPlace - Llambda stopping criteria: 1 and (( 0.0427564 < 0.1 and 7219.29 > 6968.45 ) or 1.60375 < 1.0)
[INFO   ] DREAMPlace - optimizer step 4.258 ms
[INFO   ] DREAMPlace - iteration  534, (  96,  0,  0), Obj 6.869230E+03, NetCrossing 1.224E+02, NetCrossingWeight 0.000000E+00, DensityWeight 1.101651E+00, HPWL 6.945854E+03, Overflow 4.118223E-02, MaxDensity 1.584E+00, MacroOverlap 3.179E-01, MacroOverlapWeight 8.000000E-06, gamma 5.129378E-01, time 1.291ms
[INFO   ] DREAMPlace - full step 6.144 ms
[INFO   ] DREAMPlace - optimizer step 4.309 ms
[INFO   ] DREAMPlace - iteration  535, (  96,  0,  1), Obj 7.140055E+03, NetCrossing 1.223E+02, NetCrossingWeight 0.000000E+00, DensityWeight 1.101651E+00, HPWL 7.205279E+03, Overflow 4.128075E-02, MaxDensity 1.500E+00, MacroOverlap 3.703E-01, MacroOverlapWeight 8.000000E-06, gamma 5.129378E-01, time 1.074ms
[INFO   ] DREAMPlace - full step 6.021 ms
[INFO   ] DREAMPlace - Lsub stopping criteria: 1 and 7140.05 > 6869.23 * 0.999
[INFO   ] DREAMPlace - optimizer step 9.560 ms
[INFO   ] DREAMPlace - iteration  536, (  96,  1,  0), Obj 6.805309E+03, NetCrossing 1.228E+02, NetCrossingWeight 0.000000E+00, DensityWeight 1.133599E+00, HPWL 6.879603E+03, Overflow 4.053286E-02, MaxDensity 1.500E+00, MacroOverlap 3.156E-01, MacroOverlapWeight 8.000000E-06, gamma 5.129378E-01, time 1.243ms
[INFO   ] DREAMPlace - full step 11.372 ms
[INFO   ] DREAMPlace - optimizer step 4.167 ms
[INFO   ] DREAMPlace - iteration  537, (  96,  1,  1), Obj 6.792356E+03, NetCrossing 1.233E+02, NetCrossingWeight 0.000000E+00, DensityWeight 1.133599E+00, HPWL 6.861908E+03, Overflow 4.191700E-02, MaxDensity 1.500E+00, MacroOverlap 3.569E-01, MacroOverlapWeight 8.000000E-06, gamma 5.129378E-01, time 1.210ms
[INFO   ] DREAMPlace - full step 5.965 ms
[INFO   ] DREAMPlace - optimizer step 4.741 ms
[INFO   ] DREAMPlace - iteration  538, (  96,  2,  0), Obj 6.971689E+03, NetCrossing 1.232E+02, NetCrossingWeight 0.000000E+00, DensityWeight 1.166473E+00, HPWL 7.039500E+03, Overflow 4.187212E-02, MaxDensity 1.500E+00, MacroOverlap 3.145E-01, MacroOverlapWeight 8.000000E-06, gamma 5.129378E-01, time 1.156ms
[INFO   ] DREAMPlace - full step 6.467 ms
[INFO   ] DREAMPlace - optimizer step 7.986 ms
[INFO   ] DREAMPlace - iteration  539, (  96,  2,  1), Obj 6.412440E+03, NetCrossing 1.235E+02, NetCrossingWeight 0.000000E+00, DensityWeight 1.166473E+00, HPWL 6.515405E+03, Overflow 4.211794E-02, MaxDensity 1.500E+00, MacroOverlap 3.562E-01, MacroOverlapWeight 8.000000E-06, gamma 5.129378E-01, time 1.044ms
[INFO   ] DREAMPlace - full step 9.635 ms
[INFO   ] DREAMPlace - optimizer step 3.968 ms
[INFO   ] DREAMPlace - iteration  540, (  96,  3,  0), Obj 7.393750E+03, NetCrossing 1.240E+02, NetCrossingWeight 0.000000E+00, DensityWeight 1.200301E+00, HPWL 7.482633E+03, Overflow 4.089865E-02, MaxDensity 1.500E+00, MacroOverlap 2.911E-01, MacroOverlapWeight 8.000000E-06, gamma 5.129378E-01, time 1.030ms
[INFO   ] DREAMPlace - full step 5.546 ms
[INFO   ] DREAMPlace - optimizer step 7.745 ms
[INFO   ] DREAMPlace - iteration  541, (  96,  3,  1), Obj 7.162868E+03, NetCrossing 1.239E+02, NetCrossingWeight 0.000000E+00, DensityWeight 1.200301E+00, HPWL 7.210354E+03, Overflow 4.046300E-02, MaxDensity 1.500E+00, MacroOverlap 2.963E-01, MacroOverlapWeight 8.000000E-06, gamma 5.129378E-01, time 1.015ms
[INFO   ] DREAMPlace - full step 9.287 ms
[INFO   ] DREAMPlace - Llambda stopping criteria: 3 and (( 0.040463 < 0.1 and 7210.35 > 6515.41 ) or 1.5 < 1.0)
[INFO   ] DREAMPlace - optimizer step 4.471 ms
[INFO   ] DREAMPlace - iteration  542, (  97,  0,  0), Obj 6.586944E+03, NetCrossing 1.237E+02, NetCrossingWeight 0.000000E+00, DensityWeight 1.260194E+00, HPWL 6.665521E+03, Overflow 4.238635E-02, MaxDensity 1.500E+00, MacroOverlap 3.404E-01, MacroOverlapWeight 8.000000E-06, gamma 5.069537E-01, time 1.195ms
[INFO   ] DREAMPlace - full step 6.312 ms
[INFO   ] DREAMPlace - optimizer step 8.028 ms
[INFO   ] DREAMPlace - iteration  543, (  97,  0,  1), Obj 6.809248E+03, NetCrossing 1.243E+02, NetCrossingWeight 0.000000E+00, DensityWeight 1.260194E+00, HPWL 6.856352E+03, Overflow 4.246611E-02, MaxDensity 1.500E+00, MacroOverlap 4.221E-01, MacroOverlapWeight 8.000000E-06, gamma 5.069537E-01, time 1.036ms
[INFO   ] DREAMPlace - full step 9.626 ms
[INFO   ] DREAMPlace - Lsub stopping criteria: 1 and 6809.25 > 6586.94 * 0.999
[INFO   ] DREAMPlace - optimizer step 4.056 ms
[INFO   ] DREAMPlace - iteration  544, (  97,  1,  0), Obj 6.345511E+03, NetCrossing 1.239E+02, NetCrossingWeight 0.000000E+00, DensityWeight 1.296740E+00, HPWL 6.421228E+03, Overflow 4.291441E-02, MaxDensity 1.500E+00, MacroOverlap 3.868E-01, MacroOverlapWeight 8.000000E-06, gamma 5.069537E-01, time 1.065ms
[INFO   ] DREAMPlace - full step 5.698 ms
[INFO   ] DREAMPlace - optimizer step 4.031 ms
[INFO   ] DREAMPlace - iteration  545, (  97,  1,  1), Obj 6.658898E+03, NetCrossing 1.243E+02, NetCrossingWeight 0.000000E+00, DensityWeight 1.296740E+00, HPWL 6.752809E+03, Overflow 4.303088E-02, MaxDensity 1.500E+00, MacroOverlap 3.339E-01, MacroOverlapWeight 8.000000E-06, gamma 5.069537E-01, time 1.024ms
[INFO   ] DREAMPlace - full step 5.593 ms
[INFO   ] DREAMPlace - Lsub stopping criteria: 1 and 6658.9 > 6345.51 * 0.999
[INFO   ] DREAMPlace - optimizer step 3.981 ms
[INFO   ] DREAMPlace - iteration  546, (  97,  2,  0), Obj 7.067438E+03, NetCrossing 1.240E+02, NetCrossingWeight 0.000000E+00, DensityWeight 1.334345E+00, HPWL 7.129202E+03, Overflow 4.297758E-02, MaxDensity 1.515E+00, MacroOverlap 3.268E-01, MacroOverlapWeight 8.000000E-06, gamma 5.069537E-01, time 1.065ms
[INFO   ] DREAMPlace - full step 5.561 ms
[INFO   ] DREAMPlace - optimizer step 8.450 ms
[INFO   ] DREAMPlace - iteration  547, (  97,  2,  1), Obj 6.729515E+03, NetCrossing 1.237E+02, NetCrossingWeight 0.000000E+00, DensityWeight 1.334345E+00, HPWL 6.782783E+03, Overflow 4.133346E-02, MaxDensity 1.500E+00, MacroOverlap 3.214E-01, MacroOverlapWeight 8.000000E-06, gamma 5.069537E-01, time 1.040ms
[INFO   ] DREAMPlace - full step 10.031 ms
[INFO   ] DREAMPlace - Llambda stopping criteria: 2 and (( 0.0413335 < 0.1 and 6782.78 > 6752.81 ) or 1.5 < 1.0)
[INFO   ] DREAMPlace - optimizer step 3.991 ms
[INFO   ] DREAMPlace - iteration  548, (  98,  0,  0), Obj 6.761917E+03, NetCrossing 1.237E+02, NetCrossingWeight 0.000000E+00, DensityWeight 1.401057E+00, HPWL 6.818199E+03, Overflow 4.124874E-02, MaxDensity 1.500E+00, MacroOverlap 3.549E-01, MacroOverlapWeight 8.000000E-06, gamma 5.092166E-01, time 1.048ms
[INFO   ] DREAMPlace - full step 5.592 ms
[INFO   ] DREAMPlace - optimizer step 4.046 ms
[INFO   ] DREAMPlace - iteration  549, (  98,  0,  1), Obj 6.840780E+03, NetCrossing 1.235E+02, NetCrossingWeight 0.000000E+00, DensityWeight 1.401057E+00, HPWL 6.871931E+03, Overflow 4.108534E-02, MaxDensity 1.500E+00, MacroOverlap 2.963E-01, MacroOverlapWeight 8.000000E-06, gamma 5.092166E-01, time 1.038ms
[INFO   ] DREAMPlace - full step 5.625 ms
[INFO   ] DREAMPlace - Lsub stopping criteria: 1 and 6840.78 > 6761.92 * 0.999
[INFO   ] DREAMPlace - optimizer step 4.696 ms
[INFO   ] DREAMPlace - iteration  550, (  98,  1,  0), Obj 7.011671E+03, NetCrossing 1.232E+02, NetCrossingWeight 0.000000E+00, DensityWeight 1.471091E+00, HPWL 7.075797E+03, Overflow 4.178452E-02, MaxDensity 1.500E+00, MacroOverlap 2.826E-01, MacroOverlapWeight 8.000000E-06, gamma 5.092166E-01, time 1.058ms
[INFO   ] DREAMPlace - full step 6.445 ms
[INFO   ] DREAMPlace - optimizer step 5.194 ms
[INFO   ] DREAMPlace - iteration  551, (  98,  1,  1), Obj 7.456138E+03, NetCrossing 1.230E+02, NetCrossingWeight 0.000000E+00, DensityWeight 1.471091E+00, HPWL 7.492980E+03, Overflow 4.142839E-02, MaxDensity 1.500E+00, MacroOverlap 3.123E-01, MacroOverlapWeight 8.000000E-06, gamma 5.092166E-01, time 1.748ms
[INFO   ] DREAMPlace - full step 7.785 ms
[INFO   ] DREAMPlace - Lsub stopping criteria: 1 and 7456.14 > 7011.67 * 0.999
[INFO   ] DREAMPlace - Llambda stopping criteria: 1 and (( 0.0414284 < 0.1 and 7492.98 > 6871.93 ) or 1.5 < 1.0)
[INFO   ] DREAMPlace - optimizer step 4.855 ms
[INFO   ] DREAMPlace - iteration  552, (  99,  0,  0), Obj 7.386379E+03, NetCrossing 1.228E+02, NetCrossingWeight 0.000000E+00, DensityWeight 1.544512E+00, HPWL 7.461583E+03, Overflow 3.981024E-02, MaxDensity 1.500E+00, MacroOverlap 2.469E-01, MacroOverlapWeight 8.000000E-06, gamma 5.094640E-01, time 1.429ms
[INFO   ] DREAMPlace - full step 6.973 ms
[INFO   ] DREAMPlace - optimizer step 4.780 ms
[INFO   ] DREAMPlace - iteration  553, (  99,  0,  1), Obj 7.797960E+03, NetCrossing 1.223E+02, NetCrossingWeight 0.000000E+00, DensityWeight 1.544512E+00, HPWL 7.839172E+03, Overflow 3.887068E-02, MaxDensity 1.500E+00, MacroOverlap 2.596E-01, MacroOverlapWeight 8.000000E-06, gamma 5.094640E-01, time 1.039ms
[INFO   ] DREAMPlace - full step 6.438 ms
[INFO   ] DREAMPlace - Lsub stopping criteria: 1 and 7797.96 > 7386.38 * 0.999
[INFO   ] DREAMPlace - optimizer step 4.272 ms
[INFO   ] DREAMPlace - iteration  554, (  99,  1,  0), Obj 8.154457E+03, NetCrossing 1.219E+02, NetCrossingWeight 0.000000E+00, DensityWeight 1.621659E+00, HPWL 8.217347E+03, Overflow 3.717852E-02, MaxDensity 1.500E+00, MacroOverlap 2.112E-01, MacroOverlapWeight 8.000000E-06, gamma 5.094640E-01, time 1.369ms
[INFO   ] DREAMPlace - full step 6.311 ms
[INFO   ] DREAMPlace - optimizer step 5.160 ms
[INFO   ] DREAMPlace - iteration  555, (  99,  1,  1), Obj 7.977518E+03, NetCrossing 1.214E+02, NetCrossingWeight 0.000000E+00, DensityWeight 1.621659E+00, HPWL 8.035752E+03, Overflow 3.690843E-02, MaxDensity 1.500E+00, MacroOverlap 2.184E-01, MacroOverlapWeight 8.000000E-06, gamma 5.094640E-01, time 1.272ms
[INFO   ] DREAMPlace - full step 6.967 ms
[INFO   ] DREAMPlace - Llambda stopping criteria: 1 and (( 0.0369084 < 0.1 and 8035.75 > 7839.17 ) or 1.5 < 1.0)
[INFO   ] DREAMPlace - optimizer step 10.585 ms
[INFO   ] DREAMPlace - iteration  556, ( 100,  0,  0), Obj 8.014214E+03, NetCrossing 1.208E+02, NetCrossingWeight 0.000000E+00, DensityWeight 1.702695E+00, HPWL 8.095987E+03, Overflow 3.636573E-02, MaxDensity 1.500E+00, MacroOverlap 2.381E-01, MacroOverlapWeight 8.000000E-06, gamma 4.978164E-01, time 1.119ms
[INFO   ] DREAMPlace - full step 35.280 ms
[INFO   ] DREAMPlace - optimizer step 4.475 ms
[INFO   ] DREAMPlace - iteration  557, ( 100,  0,  1), Obj 8.208614E+03, NetCrossing 1.205E+02, NetCrossingWeight 0.000000E+00, DensityWeight 1.702695E+00, HPWL 8.257976E+03, Overflow 3.569318E-02, MaxDensity 1.500E+00, MacroOverlap 2.103E-01, MacroOverlapWeight 8.000000E-06, gamma 4.978164E-01, time 1.190ms
[INFO   ] DREAMPlace - full step 6.317 ms
[INFO   ] DREAMPlace - Lsub stopping criteria: 1 and 8208.61 > 8014.21 * 0.999
[INFO   ] DREAMPlace - optimizer step 10.473 ms
[INFO   ] DREAMPlace - iteration  558, ( 100,  1,  0), Obj 8.160877E+03, NetCrossing 1.205E+02, NetCrossingWeight 0.000000E+00, DensityWeight 1.787775E+00, HPWL 8.219997E+03, Overflow 3.532225E-02, MaxDensity 1.500E+00, MacroOverlap 2.230E-01, MacroOverlapWeight 8.000000E-06, gamma 4.978164E-01, time 1.144ms
[INFO   ] DREAMPlace - full step 12.261 ms
[INFO   ] DREAMPlace - optimizer step 4.250 ms
[INFO   ] DREAMPlace - iteration  559, ( 100,  1,  1), Obj 7.897067E+03, NetCrossing 1.201E+02, NetCrossingWeight 0.000000E+00, DensityWeight 1.787775E+00, HPWL 7.970354E+03, Overflow 3.538311E-02, MaxDensity 1.500E+00, MacroOverlap 2.330E-01, MacroOverlapWeight 8.000000E-06, gamma 4.978164E-01, time 1.101ms
[INFO   ] DREAMPlace - full step 5.937 ms
[INFO   ] DREAMPlace - optimizer step 9.050 ms
[INFO   ] DREAMPlace - iteration  560, ( 100,  2,  0), Obj 8.402273E+03, NetCrossing 1.200E+02, NetCrossingWeight 0.000000E+00, DensityWeight 1.839620E+00, HPWL 8.445060E+03, Overflow 3.506098E-02, MaxDensity 1.500E+00, MacroOverlap 2.110E-01, MacroOverlapWeight 8.000000E-06, gamma 4.978164E-01, time 1.145ms
[INFO   ] DREAMPlace - full step 10.770 ms
[INFO   ] DREAMPlace - optimizer step 4.705 ms
[INFO   ] DREAMPlace - iteration  561, ( 100,  2,  1), Obj 7.913580E+03, NetCrossing 1.201E+02, NetCrossingWeight 0.000000E+00, DensityWeight 1.839620E+00, HPWL 7.995784E+03, Overflow 3.535124E-02, MaxDensity 1.500E+00, MacroOverlap 2.241E-01, MacroOverlapWeight 8.000000E-06, gamma 4.978164E-01, time 1.082ms
[INFO   ] DREAMPlace - full step 6.522 ms
[INFO   ] DREAMPlace - Llambda stopping criteria: 2 and (( 0.0353512 < 0.1 and 7995.78 > 7970.35 ) or 1.5 < 1.0)
[INFO   ] DREAMPlace - optimizer step 4.362 ms
[INFO   ] DREAMPlace - iteration  562, ( 101,  0,  0), Obj 8.096026E+03, NetCrossing 1.203E+02, NetCrossingWeight 0.000000E+00, DensityWeight 1.931594E+00, HPWL 8.163004E+03, Overflow 3.473939E-02, MaxDensity 1.500E+00, MacroOverlap 2.487E-01, MacroOverlapWeight 8.000000E-06, gamma 4.938656E-01, time 1.479ms
[INFO   ] DREAMPlace - full step 6.504 ms
[INFO   ] DREAMPlace - optimizer step 4.052 ms
[INFO   ] DREAMPlace - iteration  563, ( 101,  0,  1), Obj 8.256603E+03, NetCrossing 1.201E+02, NetCrossingWeight 0.000000E+00, DensityWeight 1.931594E+00, HPWL 8.306709E+03, Overflow 3.493358E-02, MaxDensity 1.500E+00, MacroOverlap 2.132E-01, MacroOverlapWeight 8.000000E-06, gamma 4.938656E-01, time 1.074ms
[INFO   ] DREAMPlace - full step 5.688 ms
[INFO   ] DREAMPlace - Lsub stopping criteria: 1 and 8256.6 > 8096.03 * 0.999
[INFO   ] DREAMPlace - optimizer step 4.152 ms
[INFO   ] DREAMPlace - iteration  564, ( 101,  1,  0), Obj 7.918644E+03, NetCrossing 1.202E+02, NetCrossingWeight 0.000000E+00, DensityWeight 2.028086E+00, HPWL 7.967510E+03, Overflow 3.449721E-02, MaxDensity 1.500E+00, MacroOverlap 2.269E-01, MacroOverlapWeight 8.000000E-06, gamma 4.938656E-01, time 1.071ms
[INFO   ] DREAMPlace - full step 5.758 ms
[INFO   ] DREAMPlace - optimizer step 4.715 ms
[INFO   ] DREAMPlace - iteration  565, ( 101,  1,  1), Obj 8.023084E+03, NetCrossing 1.202E+02, NetCrossingWeight 0.000000E+00, DensityWeight 2.028086E+00, HPWL 8.094683E+03, Overflow 3.437165E-02, MaxDensity 1.500E+00, MacroOverlap 2.186E-01, MacroOverlapWeight 8.000000E-06, gamma 4.938656E-01, time 1.058ms
[INFO   ] DREAMPlace - full step 6.361 ms
[INFO   ] DREAMPlace - Lsub stopping criteria: 1 and 8023.08 > 7918.64 * 0.999
[INFO   ] DREAMPlace - optimizer step 4.824 ms
[INFO   ] DREAMPlace - iteration  566, ( 101,  2,  0), Obj 8.122867E+03, NetCrossing 1.202E+02, NetCrossingWeight 0.000000E+00, DensityWeight 2.086901E+00, HPWL 8.201161E+03, Overflow 3.382719E-02, MaxDensity 1.500E+00, MacroOverlap 2.331E-01, MacroOverlapWeight 8.000000E-06, gamma 4.938656E-01, time 1.109ms
[INFO   ] DREAMPlace - full step 6.538 ms
[INFO   ] DREAMPlace - optimizer step 4.498 ms
[INFO   ] DREAMPlace - iteration  567, ( 101,  2,  1), Obj 8.451437E+03, NetCrossing 1.201E+02, NetCrossingWeight 0.000000E+00, DensityWeight 2.086901E+00, HPWL 8.511340E+03, Overflow 3.347272E-02, MaxDensity 1.500E+00, MacroOverlap 1.999E-01, MacroOverlapWeight 8.000000E-06, gamma 4.938656E-01, time 1.128ms
[INFO   ] DREAMPlace - full step 6.213 ms
[INFO   ] DREAMPlace - Lsub stopping criteria: 1 and 8451.44 > 8122.87 * 0.999
[INFO   ] DREAMPlace - Llambda stopping criteria: 2 and (( 0.0334727 < 0.1 and 8511.34 > 8094.68 ) or 1.5 < 1.0)
[INFO   ] DREAMPlace - Lgamma stopping criteria: 101 > 100 and (( 0.0334727 < 0.1 and 8511.34 > 7995.78 ) or 1.5 < 1.0)
[INFO   ] DREAMPlace - optimizer nesterov takes 5.704 seconds
[INFO   ] DREAMPlace - Best theta: tensor([0., 0., 0., 0., 0., 0., 0., 0., 0., 0., 0., 0., 0., 0., 0., 0., 0.])
[INFO   ] DREAMPlace - Start legalization
[INFO   ] DREAMPlace - legalization takes 0.019 seconds
[INFO   ] DREAMPlace - iteration  568, HPWL 1.532200E+04, time 0.251ms
[INFO   ] DREAMPlace - rsmt computation takes 0.184 seconds
[INFO   ] DREAMPlace - flute rsmt 2.631000E+03
[INFO   ] DREAMPlace - unweighted hpwl 2.288000E+03
[INFO   ] DREAMPlace - net crossing 124
[INFO   ] DREAMPlace - non-linear placement takes 6.24 seconds
[INFO   ] DREAMPlace - writing to /var/folders/h1/4z3hks0d2zbd_y_lng5ww0680000gn/T/eda-cypress/16492-0/results/board/board.gp.pl
[INFO   ] DREAMPlace - writing to /var/folders/h1/4z3hks0d2zbd_y_lng5ww0680000gn/T/eda-cypress/16492-0/results/board/board.gp.pl
[INFO   ] DREAMPlace - write_pl takes 0.002 seconds
[INFO   ] DREAMPlace - write SolutionFileFormat.BOOKSHELF takes 0.002 seconds
[INFO   ] DREAMPlace - placement takes 6.281 seconds
[INFO   ] DREAMPlace - Final PPA: {'rsmt': 2631.0, 'hpwl': 2288.0, 'congestion': inf, 'density': 0.5, 'net_crossing': 124.82083129882812, 'iteration': 568, 'objective': 8451.4365234375, 'overflow': 0.03347271680831909, 'max_density': 1.5}
